Reactions_Number,Temperature,S_C,H_logP,H_TPSA,Atom1 NBO charge,Atom3 NBO charge,Atom4 NBO charge,C=O/C=N Vibration Frequency,Sterimol L1,Sterimol Bmin1,Sterimol Bmax1,Sterimol L2,Sterimol Bmin2,Sterimol Bmax2,C_Di_HA,Bite_Anger,C_BL1,C_BL2,Ph_distance,N_Q1,N_Q2,M_Q,%V_bur,Ee
R11_11_Cat05_T298,298,200,0.17,27.57,-0.599,-0.21,-0.221,1780.96,11.52 ,1.97 ,4.64 ,6.08 ,1.70 ,6.04 ,39.9,77.32,2.1668,2.15103,1.74,-0.834,-0.553,0.033,0.792,0
R11_21_Cat05_T298,298,200,0.17,27.57,-0.604,-0.209,-0.221,1772.22,8.21 ,2.65 ,4.80 ,6.06 ,1.70 ,6.04 ,39.9,77.32,2.1668,2.15103,1.74,-0.834,-0.553,0.033,0.792,0
R11_09_Cat05_T298,298,200,0.17,27.57,-0.597,-0.21,-0.222,1782.04,7.32 ,1.70 ,6.04 ,6.08 ,1.70 ,6.04 ,39.9,77.32,2.1668,2.15103,1.74,-0.834,-0.553,0.033,0.792,6
R11_08_Cat05_T298,298,200,0.17,27.57,-0.6,-0.209,-0.221,1780.31,9.06 ,1.82 ,4.79 ,6.06 ,1.70 ,6.04 ,39.9,77.32,2.1668,2.15103,1.74,-0.834,-0.553,0.033,0.792,7
R11_10_Cat05_T298,298,200,0.17,27.57,-0.598,-0.209,-0.222,1783.32,9.06 ,1.82 ,4.79 ,7.32 ,1.70 ,6.04 ,39.9,77.32,2.1668,2.15103,1.74,-0.834,-0.553,0.033,0.792,12
R11_12_Cat05_T298,298,200,0.17,27.57,-0.611,-0.205,-0.209,1778.51,6.11 ,1.95 ,6.81 ,5.24 ,1.70 ,3.95 ,39.9,77.32,2.1668,2.15103,1.74,-0.834,-0.553,0.033,0.792,16
R11_19_Cat05_T298,298,200,0.17,27.57,-0.596,-0.21,-0.221,1783.43,6.09 ,1.70 ,6.05 ,6.08 ,1.70 ,6.04 ,39.9,77.32,2.1668,2.15103,1.74,-0.834,-0.553,0.033,0.792,21
R10_04_Cat05_T300,300,100,0.17,27.57,-0.577,0.619,-0.178,1723.66,6.24 ,1.70 ,6.05 ,5.93 ,1.70 ,3.49 ,40.8,77.14,2.15921,2.15291,1.74,-0.83,-0.553,0.027,0.794,24.6
R15_01_Cat08_T273_03,273,200,0.17,27.57,-0.561,-0.167,-0.24,1759.02,6.79 ,2.93 ,5.49 ,3.47 ,1.70 ,4.96 ,39.81,75.53,2.14825,2.17778,1.73,-0.875,-0.57,0.053,0.803,25
R11_04_Cat05_T298,298,200,0.17,27.57,-0.606,-0.204,-0.22,1775.87,9.06 ,1.82 ,4.78 ,5.25 ,1.70 ,3.96 ,39.9,77.32,2.1668,2.15103,1.74,-0.834,-0.553,0.033,0.792,27
R11_22_Cat05_T298,298,200,0.17,27.57,-0.595,-0.21,-0.217,1785.95,6.08 ,1.70 ,6.04 ,3.69 ,1.70 ,7.39 ,39.9,77.32,2.1668,2.15103,1.74,-0.834,-0.553,0.033,0.792,27
R11_23_Cat05_T298,298,200,0.17,27.57,-0.596,-0.21,-0.223,1783.3,7.55 ,1.70 ,6.50 ,7.55 ,1.70 ,6.50 ,39.9,77.32,2.1668,2.15103,1.74,-0.834,-0.553,0.033,0.792,28
R11_24_Cat05_T298,298,200,0.17,27.57,-0.597,-0.21,-0.223,1782.68,6.07 ,1.70 ,7.47 ,6.08 ,1.70 ,6.04 ,39.9,77.32,2.1668,2.15103,1.74,-0.834,-0.553,0.033,0.792,28
R15_01_Cat08_T273_02,273,200,0.17,27.57,-0.561,-0.167,-0.24,1759.02,6.79 ,2.93 ,5.49 ,3.47 ,1.70 ,4.96 ,40.81,78.9,2.15507,2.12024,1.74,-0.85,-0.732,0.008,0.745,28
R10_07_Cat05_T300,300,100,0.17,27.57,-0.539,0.606,-0.164,1767.09,8.33 ,1.70 ,4.03 ,4.49 ,1.70 ,4.97 ,40.8,77.14,2.15921,2.15291,1.74,-0.83,-0.553,0.027,0.794,29.5
R11_01_Cat05_T298,298,200,0.17,27.57,-0.606,-0.205,-0.221,1776.53,6.07 ,1.70 ,6.04 ,3.84 ,1.70 ,2.87 ,39.9,77.32,2.1668,2.15103,1.74,-0.834,-0.553,0.033,0.792,30
R11_07_Cat05_T298,298,200,0.17,27.57,-0.605,-0.203,-0.22,1777.06,9.06 ,1.82 ,4.78 ,6.56 ,1.74 ,3.41 ,39.9,77.32,2.1668,2.15103,1.74,-0.834,-0.553,0.033,0.792,31
R11_14_Cat05_T298,298,200,0.17,27.57,-0.604,-0.206,-0.218,1770.57,9.04 ,1.81 ,4.80 ,6.79 ,1.70 ,6.04 ,39.9,77.32,2.1668,2.15103,1.74,-0.834,-0.553,0.033,0.792,33
R10_05_Cat05_T300,300,100,0.17,27.57,-0.589,0.622,-0.199,1714.4,6.24 ,1.70 ,6.05 ,6.89 ,1.70 ,4.02 ,40.8,77.14,2.15921,2.15291,1.74,-0.83,-0.553,0.027,0.794,34.9
R15_01_Cat08_T273_04,273,200,0.17,27.57,-0.561,-0.167,-0.24,1759.02,6.79 ,2.93 ,5.49 ,3.47 ,1.70 ,4.96 ,40.8,77.14,2.15921,2.15291,1.74,-0.846,-0.553,0.023,0.794,36
R11_06_Cat05_T298,298,200,0.17,27.57,-0.605,-0.203,-0.221,1777.87,6.07 ,1.70 ,6.04 ,6.56 ,1.74 ,3.41 ,39.9,77.32,2.1668,2.15103,1.74,-0.834,-0.553,0.033,0.792,37
R11_03_Cat05_T298,298,200,0.17,27.57,-0.606,-0.204,-0.221,1775.94,6.07 ,1.70 ,6.04 ,5.25 ,1.70 ,3.96 ,39.9,77.32,2.1668,2.15103,1.74,-0.834,-0.553,0.033,0.792,39
R11_02_Cat05_T298,298,200,0.17,27.57,-0.606,-0.202,-0.221,1775.5,6.07 ,1.70 ,6.04 ,7.94 ,1.70 ,3.46 ,39.9,77.32,2.1668,2.15103,1.74,-0.834,-0.553,0.033,0.792,41
R14_16_Cat05_T298,298,100,0.17,27.57,-0.578,-0.13,-0.309,1713.53,5.24 ,1.70 ,7.69 ,6.30 ,1.70 ,6.04 ,40.8,79.18,2.14419,2.11169,1.74,-0.83,-0.553,0.027,0.794,41
R11_13_Cat05_T298,298,200,0.17,27.57,-0.603,-0.194,-0.225,1783.32,6.97 ,1.70 ,5.81 ,6.05 ,1.70 ,6.04 ,39.9,77.32,2.1668,2.15103,1.74,-0.834,-0.553,0.033,0.792,42
R10_01_Cat05_T300,300,100,0.17,27.57,-0.57,0.618,-0.168,1729.44,6.24 ,1.70 ,6.05 ,3.43 ,1.70 ,4.96 ,40.8,77.14,2.15921,2.15291,1.74,-0.83,-0.553,0.027,0.794,43.6
R10_03_Cat05_T300,300,100,0.17,27.57,-0.566,0.617,-0.167,1731.15,6.24 ,1.70 ,6.05 ,3.44 ,1.70 ,6.27 ,40.8,77.14,2.15921,2.15291,1.74,-0.83,-0.553,0.027,0.794,45.4
R11_05_Cat05_T298,298,200,0.17,27.57,-0.613,-0.206,-0.229,1770.5,6.23 ,1.89 ,6.96 ,6.05 ,1.70 ,6.04 ,39.9,77.32,2.1668,2.15103,1.74,-0.834,-0.553,0.033,0.792,46
R11_16_Cat05_T298,298,200,0.17,27.57,-0.597,-0.21,-0.216,1781.79,10.31 ,1.70 ,6.34 ,6.08 ,1.70 ,6.04 ,39.9,77.32,2.1668,2.15103,1.74,-0.834,-0.553,0.033,0.792,46
R10_10_Cat05_T300,300,100,0.17,27.57,-0.509,0.601,-0.166,1796.81,8.34 ,1.70 ,3.74 ,4.51 ,1.74 ,4.43 ,40.8,77.14,2.15921,2.15291,1.74,-0.83,-0.553,0.027,0.794,50
R11_25_Cat05_T298,298,200,0.17,27.57,-0.595,-0.21,-0.221,1783.09,6.09 ,1.70 ,6.94 ,6.08 ,1.70 ,6.04 ,39.9,77.32,2.1668,2.15103,1.74,-0.834,-0.553,0.033,0.792,50
R10_02_Cat05_T300,300,100,0.17,27.57,-0.573,0.619,-0.182,1727.26,7.88 ,1.70 ,6.04 ,3.43 ,1.70 ,5.57 ,40.8,77.14,2.15921,2.15291,1.74,-0.83,-0.553,0.027,0.794,52.04
R11_18_Cat05_T298,298,200,0.17,27.57,-0.603,-0.204,-0.222,1779.03,6.09 ,1.70 ,6.06 ,5.25 ,1.70 ,3.96 ,39.9,77.32,2.1668,2.15103,1.74,-0.834,-0.553,0.033,0.792,59
R16_01_Cat06_T313_02,313,20,0.17,27.57,-0.662,-0.315,-0.359,1646.29,3.87626,1.7,7.26205,3.32083,1.7,3.3117,40.6,74.85,2.15734,2.17588,1.73,-0.875,-0.57,0.042,0.809,60
R16_01_Cat04_T313_03,313,20,0.17,27.57,-0.662,-0.315,-0.359,1646.29,3.87626,1.7,7.26205,3.32083,1.7,3.3117,41.7,78.69,2.19256,2.17619,1.74,-0.865,-0.738,0.031,0.782,61
R11_17_Cat05_T298,298,200,0.17,27.57,-0.605,-0.202,-0.22,1775.04,10.30 ,1.70 ,6.30 ,6.79 ,1.83 ,6.13 ,39.9,77.32,2.1668,2.15103,1.74,-0.834,-0.553,0.033,0.792,65
R18_05_Cat11_T293,293,200,0.17,27.57,-0.708,-0.112,-0.514,1607.8,4.52 ,2.17 ,4.60 ,5.48 ,1.81 ,3.10 ,47.9,78.98,2.15993,2.12513,1.91,-0.882,-0.774,-0.22,0.794,67
R11_15_Cat05_T298,298,200,0.17,27.57,-0.605,-0.204,-0.216,1776.8,10.31 ,1.70 ,6.35 ,5.24 ,1.70 ,3.96 ,39.9,77.32,2.1668,2.15103,1.74,-0.834,-0.553,0.033,0.792,68
R18_04_Cat11_T293,293,200,0.17,27.57,-0.702,-0.116,-0.742,1614.16,4.52 ,2.17 ,4.60 ,2.19 ,1.70 ,2.14 ,47.9,78.98,2.15993,2.12513,1.91,-0.882,-0.774,-0.22,0.794,68
R04_02_Cat05_T301,301,200,0.17,27.57,-0.634,-0.351,-0.791,1735.49,3.54 ,1.70 ,5.03 ,2.19 ,1.70 ,2.13 ,39.9,77.32,2.16677,2.15106,1.74,-0.834,-0.553,0.033,0.792,69
R03_11_Cat04_T303,303,100,0.17,27.57,-0.536,-0.172,-0.217,1752.14,6.55 ,1.70 ,3.83 ,3.43 ,1.70 ,4.96 ,41.4,78.61,2.15133,2.13191,1.74,-0.843,-0.741,0.025,0.783,70
R14_06_Cat05_T298,298,100,0.17,27.57,-0.564,-0.131,-0.135,1741.24,5.19 ,1.70 ,7.69 ,3.43 ,1.70 ,6.39 ,40.8,79.18,2.14419,2.11169,1.74,-0.83,-0.553,0.027,0.794,70
R16_07_Cat10_T313,313,20,0.17,27.57,-0.668,-0.325,-0.35,1654.69,6.68 ,1.70 ,7.37 ,3.32 ,1.70 ,3.31 ,42.7,78.41,2.17674,2.13292,1.74,-0.85,-0.74,0.028,0.784,70
R03_12_Cat04_T303,303,100,0.17,27.57,-0.553,-0.203,-0.213,1736.15,6.89 ,1.70 ,4.02 ,6.56 ,1.70 ,3.82 ,41.4,78.61,2.15133,2.13191,1.74,-0.843,-0.741,0.025,0.783,71
R04_02_Cat05_T287,287,200,0.17,27.57,-0.634,-0.351,-0.791,1735.18,3.54 ,1.70 ,5.03 ,2.19 ,1.70 ,2.13 ,39.9,77.31,2.16696,2.151,1.74,-0.834,-0.553,0.033,0.792,72
R16_01_Cat04_T313_08,313,20,0.17,27.57,-0.662,-0.315,-0.359,1646.29,3.87626,1.7,7.26205,3.32083,1.7,3.3117,43.2,77.84,2.15765,2.13152,1.74,-0.859,-0.743,0.014,0.789,73
R16_20_Cat10_T313,313,20,0.17,27.57,-0.67,-0.331,-0.357,1635.46,9.42 ,1.70 ,3.99 ,3.32 ,1.70 ,3.31 ,42.7,78.41,2.17674,2.13292,1.74,-0.85,-0.74,0.028,0.784,73
R16_12_Cat10_T313,313,20,0.17,27.57,-0.663,-0.317,-0.359,1649.73,7.29 ,1.70 ,5.97 ,3.32 ,1.70 ,3.31 ,42.7,78.41,2.17674,2.13292,1.74,-0.85,-0.74,0.028,0.784,74
R16_21_Cat10_T313,313,20,0.17,27.57,-0.671,-0.332,-0.357,1632.84,7.26 ,1.70 ,7.64 ,3.32 ,1.70 ,3.31 ,42.7,78.41,2.17674,2.13292,1.74,-0.85,-0.74,0.028,0.784,74
R06_15_Cat06_T303,303,100,0.17,27.57,-0.619,-0.149,-0.154,1682.76,4.71 ,1.70 ,6.28 ,3.44 ,1.70 ,4.96 ,40.6,74.86,2.15724,2.17605,1.73,-0.875,-0.57,0.042,0.809,76
R06_17_Cat06_T303,303,100,0.17,27.57,-0.619,-0.147,-0.153,1684.08,3.42 ,1.70 ,6.39 ,3.44 ,1.70 ,4.96 ,40.6,74.86,2.15724,2.17605,1.73,-0.875,-0.57,0.042,0.809,76
R17_02_Cat08_T298,298,100,0.17,27.57,-0.598,0.631,-0.324,1560.48,8.25 ,1.70 ,6.53 ,3.91 ,1.70 ,3.67 ,48.7,79.18,2.14419,2.11169,1.85,-0.897,-0.576,0.237,0.819,76
R04_06_Cat05_T313,313,200,0.17,27.57,-0.622,-0.132,-0.156,1700,3.47 ,1.70 ,4.97 ,3.31 ,1.70 ,3.25 ,39.9,77.31,2.16664,2.15112,1.74,-0.834,-0.553,0.033,0.792,77
R06_16_Cat06_T303,303,100,0.17,27.57,-0.612,-0.132,-0.156,1686.23,4.03 ,1.70 ,5.58 ,3.44 ,1.70 ,4.96 ,40.6,74.86,2.15724,2.17605,1.73,-0.875,-0.57,0.042,0.809,77
R13_01_Cat05_T298,298,67,0.17,27.57,-0.544,0.618,-0.648,1803.15,7.90 ,1.70 ,6.00 ,7.61 ,1.99 ,5.56 ,40.8,79.18,2.14419,2.11169,1.74,-0.83,-0.553,0.027,0.794,77
R13_06_Cat05_T298,298,67,0.17,27.57,-0.544,0.615,-0.648,1807.18,7.89 ,1.70 ,6.01 ,6.13 ,2.36 ,3.73 ,40.8,79.18,2.14419,2.11169,1.74,-0.83,-0.553,0.027,0.794,77
R16_01_Cat04_T313_05,313,20,0.17,27.57,-0.662,-0.315,-0.359,1646.29,3.87626,1.7,7.26205,3.32083,1.7,3.3117,42.8,78.13,2.15219,2.13186,1.74,-0.862,-0.741,0.016,0.787,77
R16_01_Cat04_T313_07,313,20,0.17,27.57,-0.662,-0.315,-0.359,1646.29,3.87626,1.7,7.26205,3.32083,1.7,3.3117,42.9,78.2,2.13749,2.12933,1.74,-0.865,-0.74,0.019,0.79,77
R16_02_Cat10_T313,313,20,0.17,27.57,-0.659,-0.311,-0.36,1648.89,3.72 ,1.70 ,7.36 ,3.32 ,1.70 ,3.31 ,42.7,78.41,2.17674,2.13292,1.74,-0.85,-0.74,0.028,0.784,77
R17_01_Cat08_T298,298,100,0.17,27.57,-0.596,0.633,-0.319,1560.1,6.53 ,1.70 ,7.28 ,3.92 ,1.70 ,3.67 ,48.7,79.18,2.14419,2.11169,1.85,-0.897,-0.576,0.237,0.819,77
R21_01_Cat04_T298_01,298,100,0.17,27.57,-0.543,-0.164,-0.439,1775.83,3.46 ,1.70 ,4.96 ,3.27 ,1.70 ,4.16 ,41.4,78.6,2.15133,2.13191,1.74,-0.854,-0.743,0.025,0.783,77
R10_11_Cat05_T300,300,100,0.17,27.57,-0.565,0.622,-0.182,1736.23,8.34 ,1.70 ,4.05 ,6.15 ,1.70 ,4.66 ,40.8,77.14,2.15921,2.15291,1.74,-0.83,-0.553,0.027,0.794,77.9
R04_07_Cat05_T313,313,200,0.17,27.57,-0.653,-0.153,-0.36,1685.64,3.43 ,1.70 ,4.97 ,3.32 ,1.70 ,3.31 ,39.9,77.31,2.16664,2.15112,1.74,-0.834,-0.553,0.033,0.792,78
R04_08_Cat05_T313,313,200,0.17,27.57,-0.628,-0.161,-0.354,1708.7,3.43 ,1.70 ,4.97 ,3.29 ,1.70 ,4.48 ,39.9,77.31,2.16664,2.15112,1.74,-0.834,-0.553,0.033,0.792,78
R16_17_Cat10_T313,313,20,0.17,27.57,-0.647,-0.288,-0.361,1661.45,4.08 ,1.70 ,8.92 ,3.32 ,1.70 ,3.31 ,42.7,78.41,2.17674,2.13292,1.74,-0.85,-0.74,0.028,0.784,78
R16_18_Cat10_T313,313,20,0.17,27.57,-0.665,-0.322,-0.358,1643.22,8.35 ,1.70 ,4.07 ,3.32 ,1.70 ,3.31 ,42.7,78.41,2.17674,2.13292,1.74,-0.85,-0.74,0.028,0.784,78
R16_22_Cat10_T313,313,20,0.17,27.57,-0.666,-0.323,-0.358,1637.37,9.42 ,1.70 ,5.54 ,3.32 ,1.70 ,3.31 ,42.7,78.41,2.17674,2.13292,1.74,-0.85,-0.74,0.028,0.784,78
R06_24_Cat06_T303,303,100,0.17,27.57,-0.632,-0.144,-0.186,1676.3,6.89 ,1.70 ,4.02 ,3.43 ,1.70 ,6.40 ,40.6,74.86,2.15724,2.17605,1.73,-0.875,-0.57,0.042,0.809,79
R13_04_Cat05_T298,298,67,0.17,27.57,-0.548,0.618,-0.647,1799.34,7.90 ,1.70 ,6.00 ,6.47 ,1.70 ,6.04 ,40.8,79.18,2.14419,2.11169,1.74,-0.83,-0.553,0.027,0.794,79
R16_01_Cat04_T313_04,313,20,0.17,27.57,-0.662,-0.315,-0.359,1646.29,3.87626,1.7,7.26205,3.32083,1.7,3.3117,42.7,78.31,2.1583,2.13019,1.74,-0.858,-0.742,0.014,0.787,79
R16_01_Cat04_T313_06,313,20,0.17,27.57,-0.662,-0.315,-0.359,1646.29,3.87626,1.7,7.26205,3.32083,1.7,3.3117,42.5,78.37,2.19474,2.12734,1.74,-0.865,-0.738,0.031,0.782,79
R16_14_Cat10_T313,313,20,0.17,27.57,-0.659,-0.309,-0.359,1655.78,3.88 ,1.70 ,8.53 ,3.32 ,1.70 ,3.31 ,42.7,78.41,2.17674,2.13292,1.74,-0.85,-0.74,0.028,0.784,79
R16_15_Cat10_T313,313,20,0.17,27.57,-0.659,-0.309,-0.359,1655.1,3.89 ,1.70 ,8.75 ,3.32 ,1.70 ,3.31 ,42.7,78.41,2.17674,2.13292,1.74,-0.85,-0.74,0.028,0.784,79
R10_08_Cat05_T300,300,100,0.17,27.57,-0.556,0.609,-0.155,1743.49,8.34 ,1.70 ,4.04 ,4.17 ,1.70 ,4.95 ,40.8,77.14,2.15921,2.15291,1.74,-0.83,-0.553,0.027,0.794,79.1
R13_36_Cat05_T298,298,67,0.17,27.57,-0.523,0.751,-0.562,1805.21,5.49 ,1.81 ,3.09 ,5.21 ,1.70 ,3.17 ,40.8,79.18,2.14419,2.11169,1.74,-0.83,-0.553,0.027,0.794,80
R19_16_Cat09_T298,298,100,0.17,27.57,-0.482,-0.12,-0.734,1702.93,4.47 ,2.29 ,4.94 ,2.19 ,1.70 ,2.14 ,43.2,73.83,2.1406,2.13939,1.74,-0.836,-0.567,-0.005,0.799,80
R14_12_Cat05_T298,298,100,0.17,27.57,-0.57,-0.133,-0.148,1737.29,5.21 ,1.70 ,7.69 ,3.44 ,1.70 ,6.51 ,40.8,79.18,2.14419,2.11169,1.74,-0.83,-0.553,0.027,0.794,81
R16_01_Cat10_T313,313,20,0.17,27.57,-0.662,-0.315,-0.359,1646.29,3.88 ,1.70 ,7.26 ,3.32 ,1.70 ,3.31 ,42.7,78.41,2.17674,2.13292,1.74,-0.85,-0.74,0.028,0.784,81
R16_06_Cat10_T313,313,20,0.17,27.57,-0.664,-0.32,-0.359,1647.82,5.33 ,1.70 ,6.82 ,3.32 ,1.70 ,3.31 ,42.7,78.41,2.17674,2.13292,1.74,-0.85,-0.74,0.028,0.784,81
R16_13_Cat10_T313,313,20,0.17,27.57,-0.662,-0.315,-0.359,1655.37,7.26 ,1.70 ,6.52 ,3.32 ,1.70 ,3.31 ,42.7,78.41,2.17674,2.13292,1.74,-0.85,-0.74,0.028,0.784,81
R18_07_Cat11_T293,293,200,0.17,27.57,-0.696,-0.09,-0.107,1581.08,4.70 ,1.70 ,4.96 ,4.52 ,2.13 ,4.61 ,47.9,78.98,2.15993,2.12513,1.91,-0.882,-0.774,-0.22,0.794,81
R19_15_Cat09_T298,298,100,0.17,27.57,-0.486,-0.117,-0.734,1700.17,6.15 ,1.88 ,6.63 ,2.19 ,1.70 ,2.14 ,43.2,73.83,2.1406,2.13939,1.74,-0.836,-0.567,-0.005,0.799,81
R16_16_Cat10_T313,313,20,0.17,27.57,-0.655,-0.3,-0.36,1656.29,3.97 ,1.70 ,8.92 ,3.32 ,1.70 ,3.31 ,42.7,78.41,2.17674,2.13292,1.74,-0.85,-0.74,0.028,0.784,82
R16_19_Cat10_T313,313,20,0.17,27.57,-0.665,-0.321,-0.358,1643.05,9.52 ,1.70 ,5.13 ,3.32 ,1.70 ,3.31 ,42.7,78.41,2.17674,2.13292,1.74,-0.85,-0.74,0.028,0.784,82
R16_24_Cat10_T313,313,20,0.17,27.57,-0.662,-0.313,-0.359,1646.11,9.08 ,1.70 ,5.24 ,3.32 ,1.70 ,3.31 ,42.7,78.41,2.17674,2.13292,1.74,-0.85,-0.74,0.028,0.784,82
R02_04_Cat03_T301,301,200,0.17,27.57,-0.6,-0.168,-0.533,1738.42,3.46 ,1.70 ,4.96 ,2.29 ,1.70 ,3.47 ,43.2,79.27,2.15206,2.16809,1.75,-0.887,-0.561,0.034,0.794,83
R02_07_Cat03_T301,301,200,0.17,27.57,-0.626,-0.153,-0.789,1713.82,6.45 ,1.70 ,4.13 ,2.18 ,1.70 ,2.14 ,43.2,79.27,2.15206,2.16809,1.75,-0.887,-0.561,0.034,0.794,83
R16_04_Cat10_T313,313,20,0.17,27.57,-0.654,-0.302,-0.361,1660.34,4.19 ,1.70 ,7.45 ,3.32 ,1.70 ,3.31 ,42.7,78.41,2.17674,2.13292,1.74,-0.85,-0.74,0.028,0.784,83
R16_26_Cat10_T313,313,20,0.17,27.57,-0.66,-0.342,-0.36,1663.38,9.10 ,1.70 ,6.00 ,3.32 ,1.70 ,3.31 ,42.7,78.41,2.17674,2.13292,1.74,-0.85,-0.74,0.028,0.784,83
R18_02_Cat11_T293,293,200,0.17,27.57,-0.49,-0.114,-0.507,1700.73,6.15 ,1.88 ,6.63 ,3.27 ,1.70 ,2.70 ,47.9,78.98,2.15993,2.12513,1.91,-0.882,-0.774,-0.22,0.794,83
R14_05_Cat05_T298,298,100,0.17,27.57,-0.575,-0.132,-0.165,1734.31,5.29 ,1.70 ,7.69 ,3.43 ,1.70 ,5.58 ,40.8,79.18,2.14419,2.11169,1.74,-0.83,-0.553,0.027,0.794,84
R16_10_Cat10_T313,313,20,0.17,27.57,-0.656,-0.305,-0.36,1659.36,5.41 ,1.70 ,7.26 ,3.32 ,1.70 ,3.31 ,42.7,78.41,2.17674,2.13292,1.74,-0.85,-0.74,0.028,0.784,84
R02_05_Cat03_T301,301,200,0.17,27.57,-0.605,-0.172,-0.2,1722.67,6.07 ,1.70 ,6.04 ,3.45 ,1.70 ,4.96 ,43.2,79.27,2.15206,2.16809,1.75,-0.887,-0.561,0.034,0.794,85
R14_10_Cat05_T298,298,100,0.17,27.57,-0.583,-0.129,-0.177,1727.84,8.61 ,1.70 ,5.98 ,5.27 ,1.70 ,7.69 ,40.8,79.18,2.14419,2.11169,1.74,-0.83,-0.553,0.027,0.794,85
R16_03_Cat10_T313,313,20,0.17,27.57,-0.655,-0.303,-0.361,1659.97,4.03 ,1.70 ,7.46 ,3.32 ,1.70 ,3.31 ,42.7,78.41,2.17674,2.13292,1.74,-0.85,-0.74,0.028,0.784,85
R16_08_Cat10_T313,313,20,0.17,27.57,-0.658,-0.307,-0.359,1654.19,4.51 ,1.70 ,7.25 ,3.32 ,1.70 ,3.31 ,42.7,78.41,2.17674,2.13292,1.74,-0.85,-0.74,0.028,0.784,85
R16_09_Cat10_T313,313,20,0.17,27.57,-0.656,-0.305,-0.36,1659.22,5.19 ,1.70 ,7.26 ,3.32 ,1.70 ,3.31 ,42.7,78.41,2.17674,2.13292,1.74,-0.85,-0.74,0.028,0.784,85
R16_11_Cat10_T313,313,20,0.17,27.57,-0.652,-0.296,-0.36,1659.68,5.43 ,1.70 ,7.26 ,3.32 ,1.70 ,3.31 ,42.7,78.41,2.17674,2.13292,1.74,-0.85,-0.74,0.028,0.784,85
R16_25_Cat10_T313,313,20,0.17,27.57,-0.653,-0.328,-0.352,1632.43,6.13 ,1.70 ,4.64 ,3.31 ,1.70 ,3.33 ,42.7,78.41,2.17674,2.13292,1.74,-0.85,-0.74,0.028,0.784,85
R02_02_Cat03_T301,301,200,0.17,27.57,-0.619,-0.147,-0.79,1720.9,5.78 ,1.75 ,4.46 ,2.18 ,1.70 ,2.14 ,43.2,79.27,2.15206,2.16809,1.75,-0.887,-0.561,0.034,0.794,86
R02_03_Cat03_T301,301,200,0.17,27.57,-0.623,-0.164,-0.79,1716.53,6.29 ,1.75 ,3.25 ,2.18 ,1.70 ,2.14 ,43.2,79.27,2.15206,2.16809,1.75,-0.887,-0.561,0.034,0.794,86
R16_05_Cat10_T313,313,20,0.17,27.57,-0.652,-0.3,-0.361,1662.87,4.24 ,1.70 ,7.39 ,3.32 ,1.70 ,3.31 ,42.7,78.41,2.17674,2.13292,1.74,-0.85,-0.74,0.028,0.784,86
R16_23_Cat10_T313,313,20,0.17,27.57,-0.645,-0.288,-0.361,1667.48,5.27 ,1.70 ,7.18 ,3.32 ,1.70 ,3.31 ,42.7,78.41,2.17674,2.13292,1.74,-0.85,-0.74,0.028,0.784,87
R07_06_Cat05_T300,300,100,0.17,27.57,-0.57,-0.142,-0.171,1771.15,9.43 ,1.70 ,6.03 ,3.42 ,1.70 ,4.96 ,40.8,77.14,2.15921,2.15291,1.74,-0.83,-0.553,0.027,0.794,87.6
R02_02_Cat02_T301,301,200,0.17,27.57,-0.619,-0.147,-0.79,1720.9,5.78 ,1.75 ,4.46 ,2.18 ,1.70 ,2.14 ,42.1,79.22,2.16778,2.14473,1.77,-0.854,-0.553,0.035,0.783,88
R02_06_Cat03_T301,301,200,0.17,27.57,-0.626,-0.153,-0.784,1708,4.94 ,1.70 ,5.41 ,2.18 ,1.70 ,2.14 ,43.2,79.27,2.15206,2.16809,1.75,-0.887,-0.561,0.034,0.794,88
R13_07_Cat05_T298,298,67,0.17,27.57,-0.54,0.621,-0.64,1808.25,7.86 ,1.70 ,6.02 ,6.48 ,1.70 ,4.00 ,40.8,79.18,2.14419,2.11169,1.74,-0.83,-0.553,0.027,0.794,88
R14_09_Cat05_T298,298,100,0.17,27.57,-0.577,-0.13,-0.136,1729.96,5.25 ,1.70 ,7.69 ,6.84 ,1.70 ,5.85 ,40.8,79.18,2.14419,2.11169,1.74,-0.83,-0.553,0.027,0.794,88
R17_20_Cat08_T298,298,100,0.17,27.57,-0.554,0.324,-0.354,1740.77,6.20 ,1.70 ,8.06 ,4.35 ,1.70 ,4.31 ,48.7,79.18,2.14419,2.11169,1.85,-0.897,-0.576,0.237,0.819,88
R19_01_Cat09_T298,298,100,0.17,27.57,-0.456,-0.072,-0.116,1685.54,3.44 ,1.70 ,6.29 ,4.48 ,2.27 ,4.94 ,43.2,73.83,2.1406,2.13939,1.74,-0.836,-0.567,-0.005,0.799,88
R07_13_Cat05_T300,300,100,0.17,27.57,-0.561,-0.153,-0.563,1813.87,6.93 ,1.70 ,4.91 ,2.28 ,1.70 ,3.25 ,40.8,77.14,2.15921,2.15291,1.74,-0.83,-0.553,0.027,0.794,88.1
R07_07_Cat05_T300,300,100,0.17,27.57,-0.571,-0.142,-0.171,1770.64,6.93 ,1.70 ,4.91 ,3.42 ,1.70 ,4.95 ,40.8,77.14,2.15921,2.15291,1.74,-0.83,-0.553,0.027,0.794,88.3
R02_03_Cat02_T313,313,200,0.17,27.57,-0.623,-0.164,-0.79,1716.83,6.29 ,1.75 ,3.25 ,2.18 ,1.70 ,2.14 ,42.1,79.22,2.16755,2.14475,1.77,-0.854,-0.553,0.034,0.783,89
R13_11_Cat05_T298,298,67,0.17,27.57,-0.552,-0.004,-0.642,1789.54,7.85 ,1.70 ,6.03 ,6.26 ,1.73 ,6.06 ,40.8,79.18,2.14419,2.11169,1.74,-0.83,-0.553,0.027,0.794,89
R13_14_Cat05_T298,298,67,0.17,27.57,-0.545,0.627,-0.64,1788.99,6.22 ,1.70 ,5.20 ,4.16 ,1.70 ,7.07 ,40.8,79.18,2.14419,2.11169,1.74,-0.83,-0.553,0.027,0.794,89
R18_03_Cat11_T293,293,200,0.17,27.57,-0.487,-0.112,-0.289,1695.05,6.16 ,1.84 ,6.63 ,3.27 ,1.70 ,3.25 ,47.9,78.98,2.15993,2.12513,1.91,-0.882,-0.774,-0.22,0.794,89
R19_08_Cat09_T298,298,100,0.17,27.57,-0.45,-0.029,-0.117,1687.44,3.43 ,1.70 ,6.40 ,4.48 ,2.26 ,4.94 ,43.2,73.83,2.1406,2.13939,1.74,-0.836,-0.567,-0.005,0.799,89
R07_12_Cat05_T300,300,100,0.17,27.57,-0.561,-0.153,-0.563,1814.18,11.88 ,1.70 ,4.85 ,2.28 ,1.70 ,3.25 ,40.8,77.14,2.15921,2.15291,1.74,-0.83,-0.553,0.027,0.794,89.6
R06_10_Cat06_T303,303,100,0.17,27.57,-0.6,-0.16,-0.194,1698.45,4.53 ,1.70 ,5.83 ,3.44 ,1.70 ,4.96 ,40.6,74.86,2.15724,2.17605,1.73,-0.875,-0.57,0.041,0.809,90
R09_10_Cat09_T298,298,100,0.17,27.57,-0.562,-0.169,-0.345,1761.52,4.47 ,1.70 ,5.23 ,3.45 ,1.70 ,4.96 ,43.2,73.83,2.1406,2.13939,1.74,-0.836,-0.567,-0.005,0.799,90
R13_31_Cat05_T298,298,67,0.17,27.57,-0.544,0.614,-0.657,1791.36,7.37 ,2.27 ,5.59 ,6.53 ,1.70 ,3.79 ,40.8,79.18,2.14419,2.11169,1.74,-0.83,-0.553,0.027,0.794,90
R13_35_Cat05_T298,298,67,0.17,27.57,-0.562,0.593,-0.559,1791.64,5.49 ,1.83 ,3.10 ,4.98 ,1.70 ,3.26 ,40.8,79.18,2.14419,2.11169,1.74,-0.83,-0.553,0.027,0.794,90
R14_08_Cat05_T298,298,100,0.17,27.57,-0.573,-0.12,-0.131,1734.55,5.28 ,1.70 ,7.69 ,6.14 ,1.70 ,6.51 ,40.8,79.18,2.14419,2.11169,1.74,-0.83,-0.553,0.027,0.794,90
R18_01_Cat11_T293,293,200,0.17,27.57,-0.486,-0.117,-0.734,1700.17,6.15 ,1.88 ,6.63 ,2.19 ,1.70 ,2.14 ,47.9,78.98,2.15993,2.12513,1.91,-0.882,-0.774,-0.22,0.794,90
R19_04_Cat09_T298,298,100,0.17,27.57,-0.461,-0.084,-0.114,1683.27,5.94 ,1.70 ,3.51 ,4.48 ,2.26 ,4.94 ,43.2,73.83,2.1406,2.13939,1.74,-0.836,-0.567,-0.005,0.799,90
R19_07_Cat09_T298,298,100,0.17,27.57,-0.463,-0.106,-0.129,1678.1,5.24 ,1.70 ,4.78 ,4.47 ,2.26 ,4.94 ,43.2,73.83,2.1406,2.13939,1.74,-0.836,-0.567,-0.005,0.799,90
R19_11_Cat09_T298,298,100,0.17,27.57,-0.46,-0.083,-0.114,1686.1,6.21 ,1.70 ,4.13 ,4.48 ,2.26 ,4.94 ,43.2,73.83,2.1406,2.13939,1.74,-0.836,-0.567,-0.005,0.799,90
R06_09_Cat06_T283,283,100,0.17,27.57,-0.603,-0.159,-0.189,1696.23,4.06 ,1.70 ,4.98 ,3.44 ,1.70 ,4.96 ,40.6,74.85,2.15757,2.17603,1.73,-0.875,-0.57,0.042,0.809,91
R13_10_Cat05_T298,298,67,0.17,27.57,-0.548,0.608,-0.646,1811.72,7.92 ,1.70 ,5.99 ,6.24 ,1.70 ,6.05 ,40.8,79.18,2.14419,2.11169,1.74,-0.83,-0.553,0.027,0.794,91
R14_15_Cat05_T298,298,100,0.17,27.57,-0.545,0.106,-0.137,1759.32,5.18 ,1.70 ,7.70 ,4.36 ,1.70 ,4.44 ,40.8,79.18,2.14419,2.11169,1.74,-0.83,-0.553,0.027,0.794,91
R19_02_Cat09_T298,298,100,0.17,27.57,-0.455,-0.055,-0.116,1686.26,4.69 ,1.70 ,4.97 ,4.48 ,2.26 ,4.94 ,43.2,73.83,2.1406,2.13939,1.74,-0.836,-0.567,-0.005,0.799,91
R19_09_Cat09_T298,298,100,0.17,27.57,-0.454,-0.052,-0.116,1687.02,3.43 ,1.70 ,6.40 ,4.48 ,2.26 ,4.94 ,43.2,73.83,2.1406,2.13939,1.74,-0.836,-0.567,-0.005,0.799,91
R19_10_Cat09_T298,298,100,0.17,27.57,-0.462,-0.07,-0.115,1683.3,6.15 ,1.70 ,6.43 ,4.48 ,2.26 ,4.94 ,43.2,73.83,2.1406,2.13939,1.74,-0.836,-0.567,-0.005,0.799,91
R07_15_Cat05_T300,300,100,0.17,27.57,-0.561,-0.143,-0.171,1805.78,4.64 ,1.70 ,9.59 ,4.50 ,1.70 ,4.41 ,40.8,77.14,2.15921,2.15291,1.74,-0.83,-0.553,0.027,0.794,91.5
R07_09_Cat05_T300,300,100,0.17,27.57,-0.569,-0.142,-0.171,1771.05,9.47 ,1.70 ,5.81 ,3.42 ,1.70 ,4.95 ,40.8,77.14,2.15921,2.15291,1.74,-0.83,-0.553,0.027,0.794,91.8
R02_04_Cat02_T301,301,200,0.17,27.57,-0.6,-0.168,-0.533,1738.42,3.46 ,1.70 ,4.96 ,2.29 ,1.70 ,3.47 ,42.1,79.22,2.16778,2.14473,1.77,-0.854,-0.553,0.035,0.783,92
R09_07_Cat09_T298,298,100,0.17,27.57,-0.59,-0.163,-0.577,1743.63,5.18 ,1.70 ,5.27 ,3.45 ,1.70 ,4.96 ,43.2,73.83,2.1406,2.13939,1.74,-0.836,-0.567,-0.005,0.799,92
R13_15_Cat05_T298,298,67,0.17,27.57,-0.541,0.61,-0.63,1800.74,6.14 ,1.72 ,5.15 ,4.97 ,1.70 ,4.96 ,40.8,79.18,2.14419,2.11169,1.74,-0.83,-0.553,0.027,0.794,92
R13_16_Cat05_T298,298,67,0.17,27.57,-0.539,0.611,-0.631,1805.68,6.11 ,1.75 ,5.15 ,5.01 ,1.70 ,5.46 ,40.8,79.18,2.14419,2.11169,1.74,-0.83,-0.553,0.027,0.794,92
R13_33_Cat05_T298,298,67,0.17,27.57,-0.539,0.61,-0.655,1804.13,6.55 ,1.70 ,3.77 ,4.84 ,1.70 ,5.48 ,40.8,79.18,2.14419,2.11169,1.74,-0.83,-0.553,0.027,0.794,92
R19_05_Cat09_T298,298,100,0.17,27.57,-0.461,-0.069,-0.115,1684.9,5.41 ,1.70 ,4.46 ,4.48 ,2.26 ,4.94 ,43.2,73.83,2.1406,2.13939,1.74,-0.836,-0.567,-0.005,0.799,92
R19_06_Cat09_T298,298,100,0.17,27.57,-0.464,-0.106,-0.114,1681.83,6.90 ,1.70 ,4.03 ,4.48 ,2.27 ,4.94 ,43.2,73.83,2.1406,2.13939,1.74,-0.836,-0.567,-0.005,0.799,92
R19_12_Cat09_T298,298,100,0.17,27.57,-0.47,-0.086,-0.112,1672.49,6.15 ,1.77 ,6.64 ,3.45 ,1.70 ,4.97 ,43.2,73.83,2.1406,2.13939,1.74,-0.836,-0.567,-0.005,0.799,92
R22_05_Cat13_T333,333,200,0.17,27.57,-0.643,-0.167,-0.788,1688.13,6.91 ,1.70 ,6.35 ,2.18 ,1.70 ,2.14 ,42.8,78.79,2.11552,2.15028,1.82,-0.833,-0.745,-0.265,0.706,92.3
R02_05_Cat02_T301,301,200,0.17,27.57,-0.605,-0.172,-0.2,1722.67,6.07 ,1.70 ,6.04 ,3.45 ,1.70 ,4.96 ,42.1,79.22,2.16778,2.14473,1.77,-0.854,-0.553,0.035,0.783,93
R06_18_Cat06_T303,303,100,0.17,27.57,-0.604,-0.102,-0.159,1690.59,5.13 ,1.70 ,6.29 ,3.44 ,1.70 ,4.96 ,40.6,74.86,2.15724,2.17605,1.73,-0.875,-0.57,0.042,0.809,93
R13_34_Cat05_T298,298,67,0.17,27.57,-0.529,0.609,-0.569,1805.42,6.90 ,1.70 ,5.27 ,5.49 ,1.81 ,3.09 ,40.8,79.18,2.14419,2.11169,1.74,-0.83,-0.553,0.027,0.794,93
R14_02_Cat05_T298,298,100,0.17,27.57,-0.575,-0.131,-0.146,1733.73,5.15 ,1.70 ,7.69 ,5.39 ,1.71 ,4.47 ,40.8,79.18,2.14419,2.11169,1.74,-0.83,-0.553,0.027,0.794,93
R19_03_Cat09_T298,298,100,0.17,27.57,-0.456,-0.071,-0.116,1685.99,3.44 ,1.70 ,6.52 ,4.48 ,2.27 ,4.94 ,43.2,73.83,2.1406,2.13939,1.74,-0.836,-0.567,-0.005,0.799,93
R19_14_Cat09_T298,298,100,0.17,27.57,-0.467,-0.069,-0.112,1681.1,6.15 ,1.99 ,6.63 ,6.15 ,1.70 ,6.43 ,43.2,73.83,2.1406,2.13939,1.74,-0.836,-0.567,-0.005,0.799,93
R04_01_Cat05_T353,353,200,0.17,27.57,-0.626,-0.167,-0.789,1714.39,3.45 ,1.70 ,4.96 ,2.18 ,1.70 ,2.14 ,40,77.3,2.16582,2.15144,1.74,-0.851,-0.552,0.023,0.792,94
R04_03_Cat05_T313,313,200,0.17,27.57,-0.629,-0.162,-0.347,1693.17,3.51 ,1.70 ,5.02 ,3.47 ,1.70 ,4.97 ,39.9,77.31,2.16664,2.15112,1.74,-0.834,-0.553,0.033,0.792,94
R09_02_Cat09_T298,298,100,0.17,27.57,-0.577,-0.164,-0.565,1751.2,5.34 ,1.70 ,5.37 ,3.46 ,1.70 ,4.96 ,43.2,73.83,2.1406,2.13939,1.74,-0.836,-0.567,-0.005,0.799,94
R09_05_Cat09_T298,298,100,0.17,27.57,-0.569,-0.167,-0.604,1760.38,6.73 ,1.83 ,3.55 ,3.46 ,1.70 ,4.96 ,43.2,73.83,2.1406,2.13939,1.74,-0.836,-0.567,-0.005,0.799,94
R09_06_Cat09_T298,298,100,0.17,27.57,-0.575,-0.165,-0.575,1753.16,5.26 ,1.70 ,5.43 ,3.45 ,1.70 ,4.96 ,43.2,73.83,2.1406,2.13939,1.74,-0.836,-0.567,-0.005,0.799,94
R13_02_Cat05_T298,298,67,0.17,27.57,-0.544,0.615,-0.644,1807.55,8.54 ,2.41 ,5.71 ,7.52 ,1.91 ,5.51 ,40.8,79.18,2.14419,2.11169,1.74,-0.83,-0.553,0.027,0.794,94
R13_08_Cat05_T298,298,67,0.17,27.57,-0.547,0.616,-0.645,1804.32,7.45 ,2.30 ,3.59 ,5.55 ,1.80 ,4.36 ,40.8,79.18,2.14419,2.11169,1.74,-0.83,-0.553,0.027,0.794,94
R13_24_Cat05_T298,298,67,0.17,27.57,-0.549,0.632,-0.558,1795.52,7.10 ,1.70 ,5.08 ,4.56 ,1.87 ,6.93 ,40.8,79.18,2.14419,2.11169,1.74,-0.83,-0.553,0.027,0.794,94
R13_32_Cat05_T298,298,67,0.17,27.57,-0.549,0.613,-0.657,1786.47,6.54 ,1.70 ,3.80 ,4.95 ,1.70 ,4.98 ,40.8,79.18,2.14419,2.11169,1.74,-0.83,-0.553,0.027,0.794,94
R17_18_Cat08_T298,298,100,0.17,27.57,-0.563,0.325,-0.371,1733.28,7.88 ,1.70 ,5.76 ,4.38 ,1.70 ,4.30 ,48.7,79.18,2.14419,2.11169,1.85,-0.897,-0.576,0.237,0.819,94
R17_19_Cat08_T298,298,100,0.17,27.57,-0.564,0.325,-0.372,1732.59,8.76 ,2.51 ,6.04 ,4.38 ,1.70 ,4.30 ,48.7,79.18,2.14419,2.11169,1.85,-0.897,-0.576,0.237,0.819,94
R07_04_Cat05_T300,300,100,0.17,27.57,-0.569,-0.142,-0.171,1770.78,17.28 ,2.53 ,4.72 ,3.42 ,1.70 ,4.95 ,40.8,77.14,2.15921,2.15291,1.74,-0.83,-0.553,0.027,0.794,94.3
R10_12_Cat05_T300,300,100,0.17,27.57,-0.545,0.605,-0.141,1770.02,8.33 ,1.71 ,4.22 ,7.04 ,3.18 ,5.38 ,40.8,77.14,2.15921,2.15291,1.74,-0.83,-0.553,0.027,0.794,94.42
R01_03_Cat01_T301,301,200,0.17,27.57,-0.623,-0.164,-0.79,1716.53,6.29 ,1.75 ,3.25 ,2.18 ,1.70 ,2.14 ,42.2,77.79,2.14262,2.12838,1.73,-0.863,-0.742,0.027,0.796,95
R01_07_Cat01_T301,301,200,0.17,27.57,-0.628,-0.163,-0.559,1711.28,4.98 ,1.71 ,3.25 ,9.31 ,2.03 ,3.54 ,42.2,77.79,2.14262,2.12838,1.73,-0.863,-0.742,0.027,0.796,95
R02_01_Cat02_T313,313,200,0.17,27.57,-0.628,-0.167,-0.789,1712.59,3.45 ,1.70 ,4.96 ,2.18 ,1.70 ,2.14 ,42.1,79.22,2.16755,2.14475,1.77,-0.854,-0.553,0.034,0.783,95
R04_04_Cat05_T301,301,200,0.17,27.57,-0.63,-0.166,-0.553,1706.85,4.98 ,1.71 ,3.25 ,3.27 ,1.70 ,2.71 ,39.9,77.32,2.16677,2.15106,1.74,-0.834,-0.553,0.033,0.792,95
R04_04_Cat05_T313,313,200,0.17,27.57,-0.63,-0.166,-0.553,1707.12,4.98 ,1.71 ,3.25 ,3.27 ,1.70 ,2.71 ,39.9,77.31,2.16664,2.15112,1.74,-0.834,-0.553,0.033,0.792,95
R04_05_Cat05_T313,313,200,0.17,27.57,-0.628,-0.162,-0.338,1708.28,3.43 ,1.70 ,4.97 ,3.27 ,1.70 ,3.25 ,39.9,77.31,2.16664,2.15112,1.74,-0.834,-0.553,0.033,0.792,95
R06_19_Cat06_T283,283,100,0.17,27.57,-0.606,-0.133,-0.158,1691.19,4.03 ,1.70 ,5.58 ,3.44 ,1.70 ,4.96 ,40.6,74.86,2.15724,2.17605,1.73,-0.875,-0.57,0.042,0.809,95
R09_03_Cat09_T298,298,100,0.17,27.57,-0.577,-0.164,-0.567,1751.16,5.33 ,1.70 ,5.67 ,3.46 ,1.70 ,4.96 ,43.2,73.83,2.1406,2.13939,1.74,-0.836,-0.567,-0.005,0.799,95
R09_08_Cat09_T298,298,100,0.17,27.57,-0.559,-0.173,-0.353,1762.06,9.47 ,1.70 ,5.81 ,3.45 ,1.70 ,4.96 ,43.2,73.83,2.1406,2.13939,1.74,-0.836,-0.567,-0.005,0.799,95
R09_11_Cat09_T298,298,100,0.17,27.57,-0.566,-0.167,-0.341,1758.84,5.01 ,1.70 ,5.34 ,3.45 ,1.70 ,4.96 ,43.2,73.83,2.1406,2.13939,1.74,-0.836,-0.567,-0.005,0.799,95
R13_12_Cat05_T298,298,67,0.17,27.57,-0.571,0.608,-0.659,1775.81,7.89 ,1.70 ,6.03 ,6.23 ,1.70 ,6.05 ,40.8,79.18,2.14419,2.11169,1.74,-0.83,-0.553,0.027,0.794,95
R13_22_Cat05_T298,298,67,0.17,27.57,-0.553,0.598,-0.645,1812.67,6.18 ,1.71 ,5.20 ,4.18 ,1.70 ,2.83 ,40.8,79.18,2.14419,2.11169,1.74,-0.83,-0.553,0.027,0.794,95
R14_17_Cat05_T298,298,100,0.17,27.57,-0.545,-0.103,-0.12,1720.99,5.17 ,1.70 ,7.70 ,6.59 ,1.70 ,6.02 ,40.8,79.18,2.14419,2.11169,1.74,-0.83,-0.553,0.027,0.794,95
R14_18_Cat05_T298,298,100,0.17,27.57,-0.553,-0.116,-0.117,1713.99,9.60 ,1.70 ,4.41 ,5.26 ,1.70 ,7.71 ,40.8,79.18,2.14419,2.11169,1.74,-0.83,-0.553,0.027,0.794,95
R17_15_Cat08_T298,298,100,0.17,27.57,-0.566,0.324,-0.387,1732.24,6.24 ,1.85 ,6.48 ,4.35 ,1.70 ,4.31 ,48.7,79.18,2.14419,2.11169,1.85,-0.897,-0.576,0.237,0.819,95
R20_11_Cat12_T323,323,100,-0.14,72.3,-0.612,-0.163,-0.345,1767.74,4.57 ,2.20 ,7.13 ,3.25 ,1.96 ,3.24 ,48.1,78.41,2.18974,2.12848,1.74,-0.851,-0.737,0.032,0.784,95
R22_01_Cat13_T333,333,1000,0.17,27.57,-0.665,-0.234,-0.777,1620.1,6.36 ,1.70 ,4.77 ,2.18 ,1.70 ,2.13 ,42.8,78.79,2.11552,2.15028,1.82,-0.833,-0.745,-0.265,0.706,95
R07_11_Cat05_T300,300,100,0.17,27.57,-0.561,-0.153,-0.563,1813.95,10.94 ,1.70 ,4.04 ,2.28 ,1.70 ,3.25 ,40.8,77.14,2.15921,2.15291,1.74,-0.83,-0.553,0.027,0.794,95.2
R10_06_Cat05_T300,300,100,0.17,27.57,-0.552,0.61,-0.22,1748.01,8.33 ,1.70 ,4.10 ,3.83 ,1.70 ,4.97 ,40.8,77.14,2.15921,2.15291,1.74,-0.83,-0.553,0.027,0.794,95.3
R07_10_Cat05_T300,300,100,0.17,27.57,-0.561,-0.153,-0.563,1814,9.47 ,1.70 ,5.80 ,2.28 ,1.70 ,3.25 ,40.8,77.14,2.15921,2.15291,1.74,-0.83,-0.553,0.027,0.794,95.4
R07_14_Cat05_T300,300,100,0.17,27.57,-0.564,-0.153,-0.569,1807.95,4.31 ,2.46 ,9.74 ,3.24 ,1.75 ,2.69 ,40.8,77.14,2.15921,2.15291,1.74,-0.83,-0.553,0.027,0.794,95.5
R01_01_Cat01_T333,333,200,0.17,27.57,-0.628,-0.167,-0.789,1712.59,3.45 ,1.70 ,4.96 ,2.18 ,1.70 ,2.14 ,42.2,78.62,2.11968,2.13272,1.73,-0.87,-0.742,0.025,0.796,96
R01_08_Cat01_T301,301,200,0.17,27.57,-0.631,-0.167,-0.789,1717.21,4.27 ,1.70 ,7.18 ,2.18 ,1.70 ,2.14 ,42.2,77.79,2.14262,2.12838,1.73,-0.863,-0.742,0.027,0.796,96
R04_01_Cat05_T301,301,200,0.17,27.57,-0.628,-0.167,-0.789,1712.59,3.45 ,1.70 ,4.96 ,2.18 ,1.70 ,2.14 ,39.9,77.32,2.16677,2.15106,1.74,-0.834,-0.553,0.033,0.792,96
R04_01_Cat05_T313,313,200,0.17,27.57,-0.628,-0.167,-0.789,1712.59,3.45 ,1.70 ,4.96 ,2.18 ,1.70 ,2.14 ,39.9,77.31,2.16664,2.15112,1.74,-0.834,-0.553,0.033,0.792,96
R09_04_Cat09_T298,298,100,0.17,27.57,-0.575,-0.165,-0.599,1756.91,5.09 ,1.70 ,5.24 ,3.46 ,1.70 ,4.96 ,43.2,73.83,2.1406,2.13939,1.74,-0.836,-0.567,-0.005,0.799,96
R09_09_Cat09_T298,298,100,0.17,27.57,-0.561,-0.172,-0.353,1761.48,4.45 ,1.70 ,5.16 ,3.45 ,1.70 ,4.96 ,43.2,73.83,2.1406,2.13939,1.74,-0.836,-0.567,-0.005,0.799,96
R09_13_Cat09_T298,298,100,0.17,27.57,-0.586,-0.161,-0.56,1750.27,6.39 ,1.70 ,6.11 ,3.46 ,1.70 ,4.96 ,43.2,73.83,2.1406,2.13939,1.74,-0.836,-0.567,-0.005,0.799,96
R14_21_Cat05_T298,298,100,0.17,27.57,-0.542,-0.093,-0.121,1722.73,7.44 ,1.70 ,6.13 ,5.18 ,1.70 ,7.70 ,40.8,79.18,2.14419,2.11169,1.74,-0.83,-0.553,0.027,0.794,96
R17_04_Cat08_T298,298,100,0.17,27.57,-0.594,0.633,-0.316,1559.96,6.49 ,1.70 ,6.07 ,5.06 ,2.35 ,5.60 ,48.7,79.18,2.14419,2.11169,1.85,-0.897,-0.576,0.237,0.819,96
R17_08_Cat08_T298,298,100,0.17,27.57,-0.569,0.325,-0.38,1728.37,8.22 ,1.89 ,6.14 ,4.38 ,1.70 ,4.30 ,48.7,79.18,2.14419,2.11169,1.85,-0.897,-0.576,0.237,0.819,96
R17_17_Cat08_T298,298,100,0.17,27.57,-0.569,0.325,-0.38,1728.22,7.85 ,1.71 ,6.12 ,4.38 ,1.70 ,4.30 ,48.7,79.18,2.14419,2.11169,1.85,-0.897,-0.576,0.237,0.819,96
R17_14_Cat08_T298,298,100,0.17,27.57,-0.572,0.325,-0.383,1725.92,6.14 ,1.70 ,8.26 ,4.38 ,1.70 ,4.30 ,48.7,79.18,2.14419,2.11169,1.85,-0.897,-0.576,0.237,0.819,96
R01_02_Cat01_T301,301,200,0.17,27.57,-0.619,-0.147,-0.79,1720.9,5.78 ,1.75 ,4.46 ,2.18 ,1.70 ,2.14 ,42.2,77.79,2.14262,2.12838,1.73,-0.863,-0.742,0.027,0.796,97
R01_05_Cat01_T301,301,200,0.17,27.57,-0.642,-0.197,-0.787,1700.81,6.89 ,1.70 ,4.03 ,2.18 ,1.70 ,2.14 ,42.2,77.79,2.14262,2.12838,1.73,-0.863,-0.742,0.027,0.796,97
R01_06_Cat01_T301,301,200,0.17,27.57,-0.63,-0.166,-0.553,1706.85,4.98 ,1.71 ,3.25 ,3.27 ,1.70 ,2.71 ,42.2,77.79,2.14262,2.12838,1.73,-0.863,-0.742,0.027,0.796,97
R01_12_Cat01_T301,301,200,0.17,27.57,-0.63,-0.237,-0.581,1713.76,3.42 ,1.70 ,4.96 ,4.57 ,2.20 ,3.71 ,42.2,77.79,2.14262,2.12838,1.73,-0.863,-0.742,0.027,0.796,97
R05_08_Cat07_T333,333,100,0.17,27.57,-0.577,-0.16,-0.294,1731.65,5.04 ,1.70 ,3.70 ,3.43 ,1.70 ,4.96 ,40.1,75.28,2.14546,2.17619,1.73,-0.875,-0.57,0.038,0.799,97
R06_05_Cat06_T333,333,100,0.17,27.57,-0.623,-0.153,-0.158,1681.24,5.93 ,1.74 ,4.52 ,3.44 ,1.70 ,4.96 ,40.6,74.88,2.15667,2.17608,1.73,-0.875,-0.57,0.041,0.809,97
R06_12_Cat06_T303,303,100,0.17,27.57,-0.593,-0.159,-0.159,1704.73,3.45 ,1.70 ,6.27 ,4.51 ,1.70 ,4.97 ,40.6,74.86,2.15724,2.17605,1.73,-0.875,-0.57,0.042,0.809,97
R06_13_Cat06_T313,313,100,0.17,27.57,-0.599,-0.157,-0.175,1701.07,4.51 ,1.70 ,4.97 ,3.44 ,1.70 ,5.57 ,40.6,74.85,2.15734,2.17588,1.73,-0.875,-0.57,0.042,0.809,97
R09_12_Cat09_T298,298,100,0.17,27.57,-0.566,-0.168,-0.341,1759.74,6.20 ,1.70 ,6.11 ,3.46 ,1.70 ,4.96 ,43.2,73.83,2.1406,2.13939,1.74,-0.836,-0.567,-0.005,0.799,97
R12_03_Cat08_T323,323,200,-0.327466667,27.02666667,-0.601,-0.151,-0.218,1737.21,5.88 ,2.50 ,6.55 ,3.42 ,1.70 ,4.96 ,48.2,79.02,2.1505,2.11373,1.92,-0.901,-0.575,0.24,0.817,97
R13_17_Cat05_T298,298,67,0.17,27.57,-0.537,0.623,-0.64,1797.23,6.49 ,1.70 ,5.76 ,6.27 ,1.70 ,5.21 ,40.8,79.18,2.14419,2.11169,1.74,-0.83,-0.553,0.027,0.794,97
R13_18_Cat05_T298,298,67,0.17,27.57,-0.536,0.625,-0.649,1797.35,6.69 ,1.70 ,6.51 ,6.28 ,1.70 ,5.21 ,40.8,79.18,2.14419,2.11169,1.74,-0.83,-0.553,0.027,0.794,97
R13_21_Cat05_T298,298,67,0.17,27.57,-0.551,0.604,-0.636,1812.55,6.49 ,1.70 ,6.04 ,6.06 ,1.80 ,5.16 ,40.8,79.18,2.14419,2.11169,1.74,-0.83,-0.553,0.027,0.794,97
R13_28_Cat05_T298,298,67,0.17,27.57,-0.551,0.628,-0.555,1782.84,6.41 ,2.34 ,6.91 ,5.49 ,1.79 ,3.10 ,40.8,79.18,2.14419,2.11169,1.74,-0.83,-0.553,0.027,0.794,97
R14_11_Cat05_T298,298,100,0.17,27.57,-0.599,-0.123,-0.201,1712.45,5.28 ,1.70 ,7.69 ,7.89 ,1.70 ,5.01 ,40.8,79.18,2.14419,2.11169,1.74,-0.83,-0.553,0.027,0.794,97
R14_19_Cat05_T298,298,100,0.17,27.57,-0.545,-0.12,-0.151,1730.8,5.20 ,1.70 ,7.71 ,9.17 ,1.70 ,3.39 ,40.8,79.18,2.14419,2.11169,1.74,-0.83,-0.553,0.027,0.794,97
R14_22_Cat05_T298,298,100,0.17,27.57,-0.55,-0.107,-0.118,1716.46,5.18 ,1.70 ,7.70 ,6.57 ,1.70 ,6.31 ,40.8,79.18,2.14419,2.11169,1.74,-0.83,-0.553,0.027,0.794,97
R17_05_Cat08_T298,298,100,0.17,27.57,-0.574,0.347,-0.379,1764.39,8.24 ,1.70 ,6.04 ,5.06 ,2.35 ,5.60 ,48.7,79.18,2.14419,2.11169,1.85,-0.897,-0.576,0.237,0.819,97
R17_06_Cat08_T298,298,100,0.17,27.57,-0.575,0.347,-0.379,1763.93,8.80 ,1.83 ,6.17 ,5.06 ,2.35 ,5.60 ,48.7,79.18,2.14419,2.11169,1.85,-0.897,-0.576,0.237,0.819,97
R17_09_Cat08_T298,298,100,0.17,27.57,-0.572,0.325,-0.383,1725.93,8.77 ,1.83 ,6.13 ,4.38 ,1.70 ,4.30 ,48.7,79.18,2.14419,2.11169,1.85,-0.897,-0.576,0.237,0.819,97
R19_13_Cat09_T298,298,100,0.17,27.57,-0.466,-0.084,-0.113,1672.86,6.15 ,1.76 ,6.63 ,3.46 ,1.70 ,6.29 ,43.2,73.83,2.1406,2.13939,1.74,-0.836,-0.567,-0.005,0.799,97
R20_06_Cat12_T323,323,100,-0.14,72.3,-0.612,-0.163,-0.345,1766.69,4.54 ,2.14 ,6.53 ,3.25 ,1.96 ,3.24 ,48.1,78.41,2.18974,2.12848,1.74,-0.851,-0.737,0.032,0.784,97
R20_17_Cat12_T323,323,100,-0.14,72.3,-0.61,-0.164,-0.345,1767.34,6.09 ,1.94 ,4.53 ,3.25 ,1.96 ,3.24 ,48.1,78.41,2.18974,2.12848,1.74,-0.851,-0.737,0.032,0.784,97
R22_10_Cat13_T333,333,100,0.17,27.57,-0.61,-0.117,-0.134,1713.57,5.69 ,1.70 ,5.21 ,3.26 ,2.46 ,3.29 ,42.8,78.79,2.11552,2.15028,1.82,-0.833,-0.745,-0.265,0.706,97
R8_05_Cat08_T303,303,100,0.17,27.57,-0.595,-0.206,-0.564,1759.45,8.01 ,1.74 ,5.40 ,6.37 ,1.70 ,6.24 ,48.7,79.18,2.14419,2.11169,1.85,-0.897,-0.576,0.237,0.819,97
R17_19_Cat08_T298,298,100,0.17,27.57,-0.566,0.325,-0.376,1730.41,8.77 ,1.83 ,6.13 ,4.38 ,1.70 ,4.30 ,48.7,79.18,2.14419,2.11169,1.85,-0.897,-0.576,0.237,0.819,97
R22_01_Cat13_T313,313,1000,0.17,27.57,-0.666,-0.234,-0.777,1619.91,6.36 ,1.70 ,4.77 ,2.18 ,1.70 ,2.13 ,42.9,78.77,2.11587,2.15011,1.82,-0.833,-0.745,-0.265,0.706,97.2
R22_03_Cat13_T333,333,1000,0.17,27.57,-0.629,-0.146,-0.79,1702.23,5.69 ,1.70 ,5.60 ,2.18 ,1.70 ,2.14 ,42.8,78.79,2.11552,2.15028,1.82,-0.833,-0.745,-0.265,0.706,97.2
R22_06_Cat13_T333,333,1000,0.17,27.57,-0.628,-0.129,-0.791,1702.78,8.41 ,1.70 ,4.47 ,2.18 ,1.70 ,2.14 ,42.8,78.79,2.11552,2.15028,1.82,-0.833,-0.745,-0.265,0.706,97.6
R07_05_Cat05_T300,300,100,0.17,27.57,-0.57,-0.142,-0.171,1770.86,8.05 ,2.38 ,3.75 ,3.42 ,1.70 ,4.96 ,40.8,77.14,2.15921,2.15291,1.74,-0.83,-0.553,0.027,0.794,97.7
R22_03_Cat13_T313,313,1000,0.17,27.57,-0.63,-0.146,-0.79,1701.58,5.69 ,1.70 ,5.60 ,2.18 ,1.70 ,2.14 ,42.9,78.77,2.11587,2.15011,1.82,-0.833,-0.745,-0.265,0.706,97.8
R22_09_Cat13_T333,333,1000,0.17,27.57,-0.62,-0.131,-0.555,1702.82,5.69 ,1.70 ,5.21 ,3.28 ,1.70 ,2.70 ,42.8,78.79,2.11552,2.15028,1.82,-0.833,-0.745,-0.265,0.706,97.8
R01_01_Cat01_T301,301,200,0.17,27.57,-0.628,-0.167,-0.789,1712.59,3.45 ,1.70 ,4.96 ,2.18 ,1.70 ,2.14 ,42.2,77.79,2.14262,2.12838,1.73,-0.863,-0.742,0.027,0.796,98
R01_04_Cat01_T301,301,200,0.17,27.57,-0.626,-0.153,-0.789,1713.83,6.45 ,1.70 ,4.13 ,2.18 ,1.70 ,2.14 ,42.2,77.79,2.14262,2.12838,1.73,-0.863,-0.742,0.027,0.796,98
R01_10_Cat01_T333,333,200,0.17,27.57,-0.636,-0.172,-0.556,1709.68,4.97 ,1.70 ,3.25 ,4.09 ,1.70 ,3.18 ,42.2,78.62,2.11968,2.13272,1.73,-0.87,-0.742,0.025,0.796,98
R01_11_Cat01_T301,301,200,0.17,27.57,-0.628,-0.345,-0.789,1694.37,4.64 ,1.76 ,3.46 ,2.19 ,1.70 ,2.13 ,42.2,77.79,2.14262,2.12838,1.73,-0.863,-0.742,0.027,0.796,98
R03_03_Cat04_T303,303,100,0.17,27.57,-0.54,-0.222,-0.568,1802.39,18.52 ,1.96 ,3.72 ,8.62 ,2.47 ,5.74 ,41.4,78.61,2.15133,2.13191,1.74,-0.843,-0.741,0.025,0.783,98
R03_10_Cat04_T303,303,100,0.17,27.57,-0.524,-0.221,-0.559,1836.1,8.73 ,2.73 ,6.84 ,5.31 ,1.91 ,3.54 ,41.4,78.61,2.15133,2.13191,1.74,-0.843,-0.741,0.025,0.783,98
R03_13_Cat04_T303,303,100,0.17,27.57,-0.551,0.646,-0.186,1754.47,10.87 ,1.70 ,3.69 ,6.55 ,1.70 ,3.80 ,41.4,78.61,2.15133,2.13191,1.74,-0.843,-0.741,0.025,0.783,98
R03_14_Cat04_T303,303,100,0.17,27.57,-0.528,0.641,-0.567,1830.04,6.11 ,1.70 ,5.92 ,6.55 ,1.70 ,3.80 ,41.4,78.61,2.15133,2.13191,1.74,-0.843,-0.741,0.025,0.783,98
R03_16_Cat04_T303,303,100,0.17,27.57,-0.534,-0.206,-0.794,1807.52,6.89 ,2.20 ,8.45 ,2.19 ,1.70 ,2.13 ,41.4,78.61,2.15133,2.13191,1.74,-0.843,-0.741,0.025,0.783,98
R06_01_Cat06_T333,333,100,0.17,27.57,0.619,-0.147,-0.155,1684.14,4.11 ,1.70 ,4.94 ,3.44 ,1.70 ,4.96 ,40.6,74.88,2.15667,2.17608,1.73,-0.875,-0.57,0.041,0.809,98
R06_02_Cat06_T313,313,100,0.17,27.57,-0.597,-0.157,-0.162,1701.7,4.51 ,1.70 ,4.97 ,3.44 ,1.70 ,4.96 ,40.6,74.85,2.15734,2.17588,1.73,-0.875,-0.57,0.042,0.809,98
R06_06_Cat06_T333,333,100,0.17,27.57,-0.623,-0.153,-0.156,1681.64,7.05 ,1.96 ,4.59 ,3.44 ,1.70 ,4.96 ,40.6,74.88,2.15667,2.17608,1.73,-0.875,-0.57,0.041,0.809,98
R09_01_Cat09_T298,298,100,0.17,27.57,-0.58,-0.165,-0.58,1750.46,5.32 ,1.70 ,5.54 ,3.45 ,1.70 ,4.96 ,43.2,73.83,2.1406,2.13939,1.74,-0.836,-0.567,-0.005,0.799,98
R12_10_Cat08_T323,323,200,-0.327466667,27.02666667,-0.599,-0.15,-0.218,1736.64,8.65 ,1.70 ,6.11 ,3.42 ,1.70 ,4.96 ,48.2,79.02,2.1505,2.11373,1.92,-0.901,-0.575,0.24,0.817,98
R13_19_Cat05_T298,298,67,0.17,27.57,-0.534,0.626,-0.65,1800.05,6.81 ,1.70 ,4.81 ,6.28 ,1.70 ,5.21 ,40.8,79.18,2.14419,2.11169,1.74,-0.83,-0.553,0.027,0.794,98
R13_23_Cat05_T298,298,67,0.17,27.57,-0.552,0.599,-0.638,1811.36,6.06 ,1.82 ,5.15 ,5.55 ,1.70 ,3.79 ,40.8,79.18,2.14419,2.11169,1.74,-0.83,-0.553,0.027,0.794,98
R13_25_Cat05_T298,298,67,0.17,27.57,-0.523,0.757,-0.643,1831.28,6.11 ,1.82 ,5.18 ,5.20 ,1.70 ,3.16 ,40.8,79.18,2.14419,2.11169,1.74,-0.83,-0.553,0.027,0.794,98
R13_26_Cat05_T298,298,67,0.17,27.57,-0.531,0.616,-0.657,1811.12,6.46 ,2.40 ,7.00 ,6.54 ,1.70 ,3.79 ,40.8,79.18,2.14419,2.11169,1.74,-0.83,-0.553,0.027,0.794,98
R14_07_Cat05_T298,298,100,0.17,27.57,-0.586,-0.128,-0.183,1725.61,5.24 ,1.70 ,7.69 ,6.89 ,1.70 ,4.02 ,40.8,79.18,2.14419,2.11169,1.74,-0.83,-0.553,0.027,0.794,98
R17_10_Cat08_T298,298,100,0.17,27.57,-0.575,0.325,-0.388,1722.71,6.14 ,1.70 ,9.37 ,4.38 ,1.70 ,4.30 ,48.7,79.18,2.14419,2.11169,1.85,-0.897,-0.576,0.237,0.819,98
R17_13_Cat08_T298,298,100,0.17,27.57,-0.573,0.325,-0.386,1724.01,6.14 ,1.70 ,8.39 ,4.38 ,1.70 ,4.30 ,48.7,79.18,2.14419,2.11169,1.85,-0.897,-0.576,0.237,0.819,98
R17_14_Cat08_T298,298,100,0.17,27.57,-0.57,0.325,-0.382,1727.54,6.15 ,1.70 ,7.29 ,4.38 ,1.70 ,4.30 ,48.7,79.18,2.14419,2.11169,1.85,-0.897,-0.576,0.237,0.819,98
R17_16_Cat08_T298,298,100,0.17,27.57,-0.569,0.325,-0.38,1727.32,6.15 ,1.70 ,9.30 ,4.38 ,1.70 ,4.30 ,48.7,79.18,2.14419,2.11169,1.85,-0.897,-0.576,0.237,0.819,98
R17_22_Cat08_T298,298,100,0.17,27.57,-0.556,0.326,-0.336,1739.6,6.80 ,1.70 ,5.93 ,4.36 ,1.70 ,4.31 ,48.7,79.18,2.14419,2.11169,1.85,-0.897,-0.576,0.237,0.819,98
R20_07_Cat12_T323,323,100,-0.14,72.3,-0.616,-0.162,-0.345,1763.65,4.75 ,1.76 ,7.17 ,3.25 ,1.97 ,3.24 ,48.1,78.41,2.18974,2.12848,1.74,-0.851,-0.737,0.032,0.784,98
R20_10_Cat12_T323,323,100,-0.14,72.3,-0.615,-0.162,-0.345,1764.47,4.18 ,1.76 ,8.70 ,3.25 ,1.97 ,3.24 ,48.1,78.41,2.18974,2.12848,1.74,-0.851,-0.737,0.032,0.784,98
R20_15_Cat12_T323,323,100,-0.14,72.3,-0.617,-0.162,-0.345,1763.23,8.60 ,3.00 ,4.57 ,3.25 ,1.97 ,3.24 ,48.1,78.41,2.18974,2.12848,1.74,-0.851,-0.737,0.032,0.784,98
R21_05_Cat08_T298,298,100,0.17,27.57,-0.537,-0.167,-0.438,1783.84,6.43 ,1.70 ,5.97 ,3.46 ,1.70 ,4.96 ,48.2,79.31,2.13151,2.10479,1.85,-0.892,-0.575,0.229,0.825,98
R22_08_Cat13_T333,333,1000,0.17,27.57,-0.626,-0.128,-0.791,1708.84,6.56 ,1.70 ,5.87 ,2.18 ,1.70 ,2.14 ,42.8,78.79,2.11552,2.15028,1.82,-0.833,-0.745,-0.265,0.706,98.1
R22_12_Cat13_T333,333,1000,0.17,27.57,-0.613,-0.141,-0.656,1701.72,5.69 ,1.70 ,5.26 ,5.27 ,1.70 ,3.04 ,42.8,78.79,2.11552,2.15028,1.82,-0.833,-0.745,-0.265,0.706,98.1
R22_12_Cat13_T313,313,1000,0.17,27.57,-0.614,-0.141,-0.656,1701.04,5.69 ,1.70 ,5.26 ,5.27 ,1.70 ,3.04 ,42.9,78.77,2.11587,2.15011,1.82,-0.833,-0.745,-0.265,0.706,98.2
R22_04_Cat13_T333,333,1000,0.17,27.57,-0.632,-0.142,-0.79,1697.49,5.97 ,1.70 ,5.68 ,2.18 ,1.70 ,2.14 ,42.8,78.79,2.11552,2.15028,1.82,-0.833,-0.745,-0.265,0.706,98.4
R03_09_Cat04_T303,303,100,0.17,27.57,-0.524,-0.221,-0.568,1836.06,7.10 ,1.97 ,2.82 ,5.30 ,2.51 ,3.55 ,41.4,78.61,2.15133,2.13191,1.74,-0.843,-0.741,0.025,0.783,98.5
R03_15_Cat04_T303,303,100,0.17,27.57,-0.551,-0.209,-0.794,1803.08,7.90 ,1.70 ,6.04 ,2.18 ,1.70 ,2.13 ,41.4,78.61,2.15133,2.13191,1.74,-0.843,-0.741,0.025,0.783,98.5
R22_11_Cat13_T333,333,1000,0.17,27.57,-0.614,-0.134,-0.561,1708.41,5.34 ,1.70 ,5.70 ,5.69 ,1.70 ,5.24 ,42.8,78.79,2.11552,2.15028,1.82,-0.833,-0.745,-0.265,0.706,98.5
R05_13_Cat07_T333,333,200,0.17,27.57,-0.596,-0.16,-0.441,1718.19,4.21 ,2.46 ,5.50 ,3.44 ,1.70 ,4.96 ,40.1,75.28,2.14546,2.17619,1.73,-0.875,-0.57,0.038,0.799,98.9
R01_09_Cat01_T301,301,200,0.17,27.57,-0.635,-0.172,-0.559,1731.74,3.37 ,1.70 ,4.93 ,3.29 ,1.70 ,2.70 ,42.2,77.79,2.14262,2.12838,1.73,-0.863,-0.742,0.027,0.796,99
R01_10_Cat01_T301,301,200,0.17,27.57,-0.638,-0.172,-0.556,1708.71,4.97 ,1.70 ,3.25 ,4.09 ,1.70 ,3.18 ,42.2,77.79,2.14262,2.12838,1.73,-0.863,-0.742,0.027,0.796,99
R03_01_Cat04_T303,303,100,0.17,27.57,-0.534,-0.227,-0.797,1809.77,8.60 ,2.48 ,5.78 ,2.18 ,1.70 ,2.13 ,41.4,78.61,2.15133,2.13191,1.74,-0.843,-0.741,0.025,0.783,99
R03_02_Cat04_T303,303,100,0.17,27.57,-0.537,-0.223,-0.569,1802.19,8.67 ,2.60 ,5.72 ,5.48 ,1.82 ,3.10 ,41.4,78.61,2.15133,2.13191,1.74,-0.843,-0.741,0.025,0.783,99
R03_04_Cat04_T303,303,100,0.17,27.57,-0.54,-0.221,-0.573,1801.31,8.60 ,2.45 ,5.74 ,4.08 ,1.74 ,4.08 ,41.4,78.61,2.15133,2.13191,1.74,-0.843,-0.741,0.025,0.783,99
R03_05_Cat04_T303,303,100,0.17,27.57,-0.527,-0.221,-0.794,1839.8,6.33 ,2.16 ,5.06 ,2.18 ,1.70 ,2.13 ,41.4,78.61,2.15133,2.13191,1.74,-0.843,-0.741,0.025,0.783,99
R03_06_Cat04_T303,303,100,0.17,27.57,-0.524,-0.225,-0.795,1840.86,7.49 ,2.13 ,3.54 ,2.19 ,1.70 ,2.13 ,41.4,78.61,2.15133,2.13191,1.74,-0.843,-0.741,0.025,0.783,99
R03_07_Cat04_T303,303,100,0.17,27.57,-0.525,-0.22,-0.558,1835.12,6.10 ,1.70 ,5.93 ,7.50 ,1.97 ,3.58 ,41.4,78.61,2.15133,2.13191,1.74,-0.843,-0.741,0.025,0.783,99
R03_08_Cat04_T303,303,100,0.17,27.57,-0.528,-0.219,-0.567,1834.94,6.58 ,2.78 ,3.76 ,4.11 ,1.73 ,3.18 ,41.4,78.61,2.15133,2.13191,1.74,-0.843,-0.741,0.025,0.783,99
R06_03_Cat06_T333,333,100,0.17,27.57,-0.588,-0.155,-0.164,1707.26,4.72 ,1.72 ,4.97 ,3.44 ,1.70 ,4.96 ,40.6,74.88,2.15667,2.17608,1.73,-0.875,-0.57,0.041,0.809,99
R06_04_Cat06_T333,333,100,0.17,27.57,-0.6,-0.107,-0.163,1701.6,4.93 ,2.04 ,4.97 ,3.44 ,1.70 ,4.96 ,40.6,74.88,2.15667,2.17608,1.73,-0.875,-0.57,0.041,0.809,99
R06_07_Cat06_T303,303,100,0.17,27.57,-0.594,-0.153,-0.163,1703.57,4.50 ,1.70 ,6.28 ,3.44 ,1.70 ,4.96 ,40.6,74.86,2.15724,2.17605,1.73,-0.875,-0.57,0.042,0.809,99
R06_08_Cat06_T313,313,100,0.17,27.57,-0.585,-0.138,-0.166,1708.96,5.18 ,1.70 ,5.36 ,3.44 ,1.70 ,4.96 ,40.6,74.85,2.15734,2.17588,1.73,-0.875,-0.57,0.042,0.809,99
R06_11_Cat06_T333,333,100,0.17,27.57,-0.583,-0.164,-0.246,1706.17,3.94 ,1.70 ,5.61 ,3.44 ,1.70 ,4.96 ,40.6,74.88,2.15667,2.17608,1.73,-0.875,-0.57,0.041,0.809,99
R06_20_Cat06_T303,303,100,0.17,27.57,-0.612,-0.129,-0.155,1690.39,5.18 ,1.70 ,5.75 ,3.44 ,1.70 ,4.96 ,40.6,74.86,2.15724,2.17605,1.73,-0.875,-0.57,0.042,0.809,99
R06_25_Cat06_T303,303,100,0.17,27.57,-0.62,-0.096,-0.189,1681.2,5.18 ,1.70 ,5.75 ,6.88 ,1.70 ,4.02 ,40.6,74.86,2.15724,2.17605,1.73,-0.875,-0.57,0.042,0.809,99
R12_01_Cat08_T323,323,200,-0.327466667,27.02666667,-0.606,-0.165,-0.215,1732.13,9.33 ,1.70 ,4.66 ,3.42 ,1.70 ,4.96 ,48.2,79.02,2.1505,2.11373,1.92,-0.901,-0.575,0.24,0.817,99
R12_02_Cat08_T323,323,200,-0.327466667,27.02666667,-0.599,-0.153,-0.218,1737.28,7.40 ,1.70 ,6.44 ,3.42 ,1.70 ,4.96 ,48.2,79.02,2.1505,2.11373,1.92,-0.901,-0.575,0.24,0.817,99
R12_04_Cat08_T323,323,200,-0.327466667,27.02666667,-0.602,-0.157,-0.217,1735.45,8.41 ,1.92 ,4.14 ,3.42 ,1.70 ,4.96 ,48.2,79.02,2.1505,2.11373,1.92,-0.901,-0.575,0.24,0.817,99
R12_05_Cat08_T323,323,200,-0.327466667,27.02666667,-0.6,-0.154,-0.218,1737.37,6.83 ,1.70 ,6.06 ,3.42 ,1.70 ,4.96 ,48.2,79.02,2.1505,2.11373,1.92,-0.901,-0.575,0.24,0.817,99
R12_06_Cat08_T323,323,200,-0.327466667,27.02666667,-0.595,-0.139,-0.219,1740.75,7.76 ,1.70 ,6.67 ,3.42 ,1.70 ,4.96 ,48.2,79.02,2.1505,2.11373,1.92,-0.901,-0.575,0.24,0.817,99
R12_07_Cat08_T323,323,200,-0.327466667,27.02666667,-0.596,-0.143,-0.219,1740.11,7.57 ,1.70 ,6.05 ,3.42 ,1.70 ,4.96 ,48.2,79.02,2.1505,2.11373,1.92,-0.901,-0.575,0.24,0.817,99
R12_08_Cat08_T323,323,200,-0.327466667,27.02666667,-0.591,-0.126,-0.22,1741.54,7.93 ,1.70 ,6.63 ,3.42 ,1.70 ,4.96 ,48.2,79.02,2.1505,2.11373,1.92,-0.901,-0.575,0.24,0.817,99
R12_09_Cat08_T323,323,200,-0.327466667,27.02666667,-0.607,-0.168,-0.215,1731.18,7.49 ,1.70 ,6.44 ,3.42 ,1.70 ,4.96 ,48.2,79.02,2.1505,2.11373,1.92,-0.901,-0.575,0.24,0.817,99
R12_11_Cat08_T323,323,200,-0.327466667,27.02666667,-0.607,-0.157,-0.216,1735.46,6.22 ,1.92 ,4.58 ,3.42 ,1.70 ,4.96 ,48.2,79.02,2.1505,2.11373,1.92,-0.901,-0.575,0.24,0.817,99
R12_12_Cat08_T323,323,200,-0.327466667,27.02666667,-0.6,-0.152,-0.218,1736.55,11.27 ,1.70 ,5.89 ,3.42 ,1.70 ,4.96 ,48.2,79.02,2.1505,2.11373,1.92,-0.901,-0.575,0.24,0.817,99
R12_13_Cat08_T323,323,200,-0.327466667,27.02666667,-0.61,-0.172,-0.216,1731.67,10.39 ,1.90 ,5.84 ,3.42 ,1.70 ,4.96 ,48.2,79.02,2.1505,2.11373,1.92,-0.901,-0.575,0.24,0.817,99
R13_20_Cat05_T298,298,67,0.17,27.57,-0.553,0.609,-0.652,1793.26,6.45 ,2.13 ,6.50 ,6.25 ,1.70 ,5.20 ,40.8,79.18,2.14419,2.11169,1.74,-0.83,-0.553,0.027,0.794,99
R14_01_Cat05_T298,298,100,0.17,27.57,-0.578,-0.13,-0.161,1730.99,5.27 ,1.70 ,7.69 ,5.93 ,1.70 ,3.56 ,40.8,79.18,2.14419,2.11169,1.74,-0.83,-0.553,0.027,0.794,99
R14_03_Cat05_T298,298,100,0.17,27.57,-0.578,-0.13,-0.159,1731.14,5.23 ,1.70 ,7.69 ,7.05 ,1.70 ,5.08 ,40.8,79.18,2.14419,2.11169,1.74,-0.83,-0.553,0.027,0.794,99
R14_04_Cat05_T298,298,100,0.17,27.57,-0.578,-0.13,-0.16,1731.53,5.25 ,1.70 ,7.69 ,7.06 ,1.70 ,4.59 ,40.8,79.18,2.14419,2.11169,1.74,-0.83,-0.553,0.027,0.794,99
R14_13_Cat05_T298,298,100,0.17,27.57,-0.576,0.188,-0.128,1728.16,5.16 ,1.70 ,7.71 ,4.29 ,1.70 ,3.62 ,40.8,79.18,2.14419,2.11169,1.74,-0.83,-0.553,0.027,0.794,99
R14_14_Cat05_T298,298,100,0.17,27.57,-0.573,-0.13,-0.329,1721.98,5.26 ,1.70 ,7.70 ,4.64 ,1.76 ,3.46 ,40.8,79.18,2.14419,2.11169,1.74,-0.83,-0.553,0.027,0.794,99
R14_20_Cat05_T298,298,100,0.17,27.57,-0.535,-0.106,-0.123,1733.09,4.23 ,1.70 ,7.71 ,5.91 ,1.70 ,5.25 ,40.8,79.18,2.14419,2.11169,1.74,-0.83,-0.553,0.027,0.794,99
R15_01_Cat08_T273,273,200,0.17,27.57,-0.561,-0.167,-0.24,1759.02,6.79 ,2.93 ,5.49 ,3.47 ,1.70 ,4.96 ,48.7,79.18,2.14419,2.11169,1.85,-0.903,-0.574,0.237,0.819,99
R15_02_Cat08_T273,273,200,0.17,27.57,-0.563,-0.162,-0.239,1757.61,6.77 ,2.95 ,5.47 ,5.38 ,1.70 ,4.47 ,48.7,79.18,2.14419,2.11169,1.85,-0.903,-0.574,0.237,0.819,99
R15_03_Cat08_T273,273,200,0.17,27.57,-0.567,-0.177,-0.239,1754.57,6.78 ,2.94 ,5.46 ,5.93 ,1.70 ,3.53 ,48.7,79.18,2.14419,2.11169,1.85,-0.903,-0.574,0.237,0.819,99
R15_04_Cat08_T273,273,200,0.17,27.57,-0.563,-0.163,-0.239,1752.4,6.78 ,2.93 ,5.48 ,6.75 ,1.71 ,5.31 ,48.7,79.18,2.14419,2.11169,1.85,-0.903,-0.574,0.237,0.819,99
R15_05_Cat08_T273,273,200,0.17,27.57,-0.577,-0.199,-0.238,1745.91,6.79 ,2.92 ,5.45 ,6.89 ,1.70 ,4.02 ,48.7,79.18,2.14419,2.11169,1.85,-0.903,-0.574,0.237,0.819,99
R15_06_Cat08_T273,273,200,0.17,27.57,-0.573,-0.178,-0.239,1749.07,6.11 ,1.70 ,5.97 ,6.29 ,1.70 ,4.12 ,48.7,79.18,2.14419,2.11169,1.85,-0.903,-0.574,0.237,0.819,99
R15_07_Cat08_T273,273,200,0.17,27.57,-0.564,-0.18,-0.239,1758.62,6.78 ,2.94 ,5.46 ,3.47 ,1.70 ,5.57 ,48.7,79.18,2.14419,2.11169,1.85,-0.903,-0.574,0.237,0.819,99
R15_08_Cat08_T273,273,200,0.17,27.57,-0.559,-0.165,-0.239,1759.84,6.77 ,2.95 ,5.44 ,3.49 ,1.70 ,6.27 ,48.7,79.18,2.14419,2.11169,1.85,-0.903,-0.574,0.237,0.819,99
R15_09_Cat08_T273,273,200,0.17,27.57,-0.559,-0.164,-0.239,1760.04,6.77 ,2.93 ,5.46 ,3.49 ,1.70 ,6.50 ,48.7,79.18,2.14419,2.11169,1.85,-0.903,-0.574,0.237,0.819,99
R15_10_Cat08_T273,273,200,0.17,27.57,-0.544,-0.16,-0.236,1775.5,6.78 ,2.90 ,5.50 ,4.53 ,1.74 ,4.89 ,48.7,79.18,2.14419,2.11169,1.85,-0.903,-0.574,0.237,0.819,99
R15_11_Cat08_T273,273,200,0.17,27.57,-0.55,0.094,-0.235,1785.74,6.78 ,2.94 ,5.45 ,3.35 ,1.70 ,4.90 ,48.7,79.18,2.14419,2.11169,1.85,-0.903,-0.574,0.237,0.819,99
R15_12_Cat08_T273,273,200,0.17,27.57,-0.554,-0.198,-0.241,1765.79,6.12 ,1.70 ,5.97 ,3.27 ,1.70 ,4.87 ,48.7,79.18,2.14419,2.11169,1.85,-0.903,-0.574,0.237,0.819,99
R15_13_Cat08_T273,273,200,0.17,27.57,-0.547,0.121,-0.235,1784.99,6.77 ,2.94 ,5.46 ,6.62 ,1.71 ,5.28 ,48.7,79.18,2.14419,2.11169,1.85,-0.903,-0.574,0.237,0.819,99
R15_14_Cat08_T273,273,200,0.17,27.57,-0.572,0.189,-0.232,1746.31,8.00 ,1.89 ,5.91 ,3.93 ,1.70 ,4.30 ,48.7,79.18,2.14419,2.11169,1.85,-0.903,-0.574,0.237,0.819,99
R15_16_Cat08_T273,273,200,0.17,27.57,-0.569,-0.237,-0.569,1796.1,8.01 ,1.70 ,5.91 ,6.87 ,1.76 ,3.55 ,48.7,79.18,2.14419,2.11169,1.85,-0.903,-0.574,0.237,0.819,99
R15_17_Cat08_T273,273,200,0.17,27.57,-0.564,-0.247,-0.55,1792.69,8.00 ,1.70 ,5.92 ,6.01 ,1.70 ,5.99 ,48.7,79.18,2.14419,2.11169,1.85,-0.903,-0.574,0.237,0.819,99
R15_18_Cat08_T273,273,200,0.17,27.57,-0.577,-0.238,-0.339,1791.39,7.97 ,1.70 ,5.93 ,3.26 ,1.70 ,3.26 ,48.7,79.18,2.14419,2.11169,1.85,-0.903,-0.574,0.237,0.819,99
R15_19_Cat08_T273,273,200,0.17,27.57,-0.536,-0.166,-0.225,1751.55,8.03 ,1.70 ,5.89 ,9.09 ,1.70 ,3.35 ,48.7,79.18,2.14419,2.11169,1.85,-0.903,-0.574,0.237,0.819,99
R17_07_Cat08_T298,298,100,0.17,27.57,-0.572,0.347,-0.373,1767.17,6.15 ,1.70 ,7.21 ,4.38 ,1.70 ,4.30 ,48.7,79.18,2.14419,2.11169,1.85,-0.897,-0.576,0.237,0.819,99
R17_11_Cat08_T298,298,100,0.17,27.57,-0.569,0.325,-0.38,1728.28,8.80 ,1.70 ,6.07 ,4.38 ,1.70 ,4.30 ,48.7,79.18,2.14419,2.11169,1.85,-0.897,-0.576,0.237,0.819,99
R17_12_Cat08_T298,298,100,0.17,27.57,-0.572,0.325,-0.408,1729.05,6.32 ,2.60 ,6.24 ,4.38 ,1.70 ,4.30 ,48.7,79.18,2.14419,2.11169,1.85,-0.897,-0.576,0.237,0.819,99
R17_21_Cat08_T298,298,100,0.17,27.57,-0.56,0.326,-0.357,1737.3,6.66 ,1.70 ,6.04 ,4.36 ,1.70 ,4.31 ,48.7,79.18,2.14419,2.11169,1.85,-0.897,-0.576,0.237,0.819,99
R20_01_Cat12_T323,323,100,-0.14,72.3,-0.618,-0.163,-0.345,1762.02,9.23 ,2.82 ,4.43 ,3.25 ,1.97 ,3.24 ,48.1,78.41,2.18974,2.12848,1.74,-0.851,-0.737,0.032,0.784,99
R20_02_Cat12_T323,323,100,-0.14,72.3,-0.617,-0.163,-0.345,1762.54,7.72 ,2.52 ,5.38 ,3.25 ,1.97 ,3.24 ,48.1,78.41,2.18974,2.12848,1.74,-0.851,-0.737,0.032,0.784,99
R20_03_Cat12_T323,323,100,-0.14,72.3,-0.618,-0.162,-0.345,1762.37,8.36 ,2.80 ,4.44 ,3.25 ,1.97 ,3.24 ,48.1,78.41,2.18974,2.12848,1.74,-0.851,-0.737,0.032,0.784,99
R20_04_Cat12_T323,323,100,-0.14,72.3,-0.616,-0.161,-0.345,1763.98,8.54 ,2.37 ,6.28 ,3.25 ,1.97 ,3.24 ,48.1,78.41,2.18974,2.12848,1.74,-0.851,-0.737,0.032,0.784,99
R20_05_Cat12_T323,323,100,-0.14,72.3,-0.605,-0.163,-0.346,1772.41,5.54 ,3.00 ,6.68 ,3.25 ,2.00 ,3.24 ,48.1,78.41,2.18974,2.12848,1.74,-0.851,-0.737,0.032,0.784,99
R20_08_Cat12_T323,323,100,-0.14,72.3,-0.617,-0.162,-0.345,1762.54,11.16 ,2.14 ,5.70 ,3.25 ,1.97 ,3.24 ,48.1,78.41,2.18974,2.12848,1.74,-0.851,-0.737,0.032,0.784,99
R20_09_Cat12_T323,323,100,-0.14,72.3,-0.617,-0.163,-0.345,1762.81,4.17 ,1.77 ,7.77 ,3.25 ,1.96 ,3.24 ,48.1,78.41,2.18974,2.12848,1.74,-0.851,-0.737,0.032,0.784,99
R20_12_Cat12_T323,323,100,-0.14,72.3,-0.617,-0.162,-0.345,1763.47,8.04 ,2.30 ,8.03 ,3.25 ,1.97 ,3.24 ,48.1,78.41,2.18974,2.12848,1.74,-0.851,-0.737,0.032,0.784,99
R20_13_Cat12_T323,323,100,-0.14,72.3,-0.617,-0.163,-0.345,1762.87,9.32 ,2.44 ,4.76 ,3.25 ,1.97 ,3.24 ,48.1,78.41,2.18974,2.12848,1.74,-0.851,-0.737,0.032,0.784,99
R20_14_Cat12_T323,323,100,-0.14,72.3,-0.615,-0.161,-0.345,1764.82,6.03 ,2.65 ,8.87 ,3.25 ,1.96 ,3.24 ,48.1,78.41,2.18974,2.12848,1.74,-0.851,-0.737,0.032,0.784,99
R20_16_Cat12_T323,323,100,-0.14,72.3,-0.616,-0.169,-0.345,1763.98,8.22 ,1.70 ,6.58 ,3.25 ,1.99 ,3.24 ,48.1,78.41,2.18974,2.12848,1.74,-0.851,-0.737,0.032,0.784,99
R20_18_Cat12_T323,323,100,-0.14,72.3,-0.616,-0.16,-0.345,1763.43,7.87 ,2.80 ,4.40 ,3.25 ,1.97 ,3.24 ,48.1,78.41,2.18974,2.12848,1.74,-0.851,-0.737,0.032,0.784,99
R21_01_Cat08_T298,298,100,0.17,27.57,-0.543,-0.164,-0.439,1775.83,3.46 ,1.70 ,4.96 ,3.27 ,1.70 ,4.16 ,48.2,79.31,2.13151,2.10479,1.85,-0.892,-0.575,0.229,0.825,99
R21_02_Cat08_T298,298,100,0.17,27.57,-0.548,-0.164,-0.432,1768.7,3.46 ,1.70 ,4.96 ,4.13 ,1.70 ,3.17 ,48.2,79.31,2.13151,2.10479,1.85,-0.892,-0.575,0.229,0.825,99
R21_03_Cat08_T298,298,100,0.17,27.57,-0.544,-0.162,-0.441,1770.89,3.46 ,1.70 ,4.96 ,4.12 ,2.06 ,4.07 ,48.2,79.31,2.13151,2.10479,1.85,-0.892,-0.575,0.229,0.825,99
R21_04_Cat08_T298,298,100,0.17,27.57,-0.551,-0.167,-0.443,1753.12,4.10 ,2.06 ,4.41 ,3.47 ,1.70 ,4.96 ,48.2,79.31,2.13151,2.10479,1.85,-0.892,-0.575,0.229,0.825,99
R21_06_Cat08_T298,298,100,0.17,27.57,-0.544,-0.163,-0.443,1771.85,5.35 ,1.70 ,5.70 ,3.46 ,1.70 ,4.96 ,48.2,79.31,2.13151,2.10479,1.85,-0.892,-0.575,0.229,0.825,99
R21_07_Cat08_T298,298,100,0.17,27.57,-0.545,-0.169,-0.446,1667.38,8.06 ,1.73 ,5.96 ,3.46 ,1.70 ,4.96 ,48.2,79.31,2.13151,2.10479,1.85,-0.892,-0.575,0.229,0.825,99
R21_08_Cat08_T298,298,100,0.17,27.57,-0.545,-0.176,-0.44,1769.85,3.46 ,1.70 ,5.57 ,4.12 ,2.06 ,4.06 ,48.2,79.31,2.13151,2.10479,1.85,-0.892,-0.575,0.229,0.825,99
R21_09_Cat08_T298,298,100,0.17,27.57,-0.54,-0.161,-0.441,1772.06,3.47 ,1.70 ,6.50 ,4.12 ,2.05 ,4.07 ,48.2,79.31,2.13151,2.10479,1.85,-0.892,-0.575,0.229,0.825,99
R21_10_Cat08_T298,298,100,0.17,27.57,-0.534,-0.144,-0.441,1777.13,3.46 ,1.70 ,6.40 ,4.12 ,2.05 ,4.07 ,48.2,79.31,2.13151,2.10479,1.85,-0.892,-0.575,0.229,0.825,99
R21_11_Cat08_T298,298,100,0.17,27.57,-0.548,-0.171,-0.44,1766.74,5.93 ,1.70 ,3.56 ,4.12 ,2.05 ,4.07 ,48.2,79.31,2.13151,2.10479,1.85,-0.892,-0.575,0.229,0.825,99
R21_12_Cat08_T298,298,100,0.17,27.57,-0.557,-0.193,-0.439,1760.1,6.89 ,1.70 ,4.02 ,4.12 ,2.05 ,4.07 ,48.2,79.31,2.13151,2.10479,1.85,-0.892,-0.575,0.229,0.825,99
R21_13_Cat08_T298,298,100,0.17,27.57,-0.542,-0.144,-0.441,1770.98,6.15 ,1.70 ,4.66 ,4.12 ,2.06 ,4.07 ,48.2,79.31,2.13151,2.10479,1.85,-0.892,-0.575,0.229,0.825,99
R21_14_Cat08_T298,298,100,0.17,27.57,-0.542,-0.146,-0.439,1775.38,6.15 ,1.70 ,4.66 ,3.27 ,1.70 ,4.16 ,48.2,79.31,2.13151,2.10479,1.85,-0.892,-0.575,0.229,0.825,99
R21_15_Cat08_T298,298,100,0.17,27.57,-0.557,-0.176,-0.439,1758.09,6.88 ,1.70 ,6.21 ,4.12 ,2.06 ,4.08 ,48.2,79.31,2.13151,2.10479,1.85,-0.892,-0.575,0.229,0.825,99
R21_16_Cat08_T298,298,100,0.17,27.57,-0.544,-0.157,-0.44,1765.51,6.76 ,1.70 ,5.31 ,4.12 ,2.06 ,4.06 ,48.2,79.31,2.13151,2.10479,1.85,-0.892,-0.575,0.229,0.825,99
R21_17_Cat08_T298,298,100,0.17,27.57,-0.547,-0.34,-0.431,1756.11,4.10 ,1.70 ,4.07 ,4.63 ,1.76 ,3.46 ,48.2,79.31,2.13151,2.10479,1.85,-0.892,-0.575,0.229,0.825,99
R21_18_Cat08_T298,298,100,0.17,27.57,-0.545,0.176,-0.438,1763.22,4.11 ,1.70 ,4.09 ,4.28 ,1.70 ,3.62 ,48.2,79.31,2.13151,2.10479,1.85,-0.892,-0.575,0.229,0.825,99
R21_19_Cat08_T298,298,100,0.17,27.57,-0.536,0.096,-0.447,1789.21,4.35 ,1.70 ,4.43 ,4.11 ,1.70 ,4.11 ,48.2,79.31,2.13151,2.10479,1.85,-0.892,-0.575,0.229,0.825,99
R21_20_Cat08_T298,298,100,0.17,27.57,-0.564,0.057,-0.427,1735.11,6.23 ,1.74 ,5.36 ,4.14 ,1.70 ,4.14 ,48.2,79.31,2.13151,2.10479,1.85,-0.892,-0.575,0.229,0.825,99
R21_21_Cat08_T298,298,100,0.17,27.57,-0.546,-0.169,-0.445,1780.64,3.42 ,1.70 ,4.96 ,2.67 ,1.70 ,4.05 ,48.2,79.31,2.13151,2.10479,1.85,-0.892,-0.575,0.229,0.825,99
R21_22_Cat08_T298,298,100,0.17,27.57,-0.541,-0.163,-0.446,1772.98,3.43 ,1.70 ,4.96 ,4.23 ,2.21 ,4.03 ,48.2,79.31,2.13151,2.10479,1.85,-0.892,-0.575,0.229,0.825,99
R21_23_Cat08_T298,298,100,0.17,27.57,-0.536,-0.451,-0.788,1825.56,5.35 ,1.70 ,5.69 ,2.18 ,1.70 ,2.13 ,48.2,79.31,2.13151,2.10479,1.85,-0.892,-0.575,0.229,0.825,99
R21_24_Cat08_T298,298,100,0.17,27.57,-0.54,-0.449,-0.562,1820.43,5.35 ,1.70 ,5.69 ,3.26 ,1.70 ,2.71 ,48.2,79.31,2.13151,2.10479,1.85,-0.892,-0.575,0.229,0.825,99
R22_11_Cat13_T313,313,1000,0.17,27.57,-0.615,-0.134,-0.561,1708.02,5.34 ,1.70 ,5.70 ,5.69 ,1.70 ,5.24 ,42.9,78.77,2.11587,2.15011,1.82,-0.833,-0.745,-0.265,0.706,99
R8_01_Cat08_T303,303,100,0.17,27.57,-0.584,-0.191,-0.565,1768.98,8.06 ,2.45 ,4.77 ,3.42 ,1.70 ,4.96 ,48.7,79.18,2.14419,2.11169,1.85,-0.897,-0.576,0.237,0.819,99
R8_02_Cat08_T303,303,100,0.17,27.57,-0.586,-0.186,-0.565,1767.01,8.07 ,2.44 ,4.77 ,5.55 ,1.70 ,4.40 ,48.7,79.18,2.14419,2.11169,1.85,-0.897,-0.576,0.237,0.819,99
R8_03_Cat08_T303,303,100,0.17,27.57,-0.582,-0.175,-0.566,1768.54,8.03 ,2.47 ,4.76 ,6.45 ,1.70 ,4.13 ,48.7,79.18,2.14419,2.11169,1.85,-0.897,-0.576,0.237,0.819,99
R8_04_Cat08_T303,303,100,0.17,27.57,-0.596,-0.217,-0.564,1760.02,8.02 ,1.74 ,5.40 ,6.88 ,1.70 ,4.04 ,48.7,79.18,2.14419,2.11169,1.85,-0.897,-0.576,0.237,0.819,99
R8_06_Cat08_T303,303,100,0.17,27.57,-0.577,-0.174,-0.566,1771.65,8.09 ,2.41 ,4.77 ,4.88 ,1.70 ,4.96 ,48.7,79.18,2.14419,2.11169,1.85,-0.897,-0.576,0.237,0.819,99
R8_07_Cat08_T303,303,100,0.17,27.57,-0.58,-0.187,-0.567,1769.52,8.03 ,1.74 ,5.40 ,3.43 ,1.70 ,6.50 ,48.7,79.18,2.14419,2.11169,1.85,-0.897,-0.576,0.237,0.819,99
R8_08_Cat08_T303,303,100,0.17,27.57,-0.577,-0.175,-0.566,1771.75,8.10 ,2.40 ,4.77 ,4.66 ,1.70 ,4.96 ,48.7,79.18,2.14419,2.11169,1.85,-0.897,-0.576,0.237,0.819,99
R8_09_Cat08_T303,303,100,0.17,27.57,-0.58,-0.187,-0.567,1769.38,8.02 ,1.74 ,5.40 ,3.43 ,1.70 ,6.27 ,48.7,79.18,2.14419,2.11169,1.85,-0.897,-0.576,0.237,0.819,99
R8_10_Cat08_T303,303,100,0.17,27.57,-0.579,-0.173,-0.566,1770.41,8.05 ,2.46 ,4.76 ,4.02 ,1.70 ,4.96 ,48.7,79.18,2.14419,2.11169,1.85,-0.897,-0.576,0.237,0.819,99
R8_11_Cat08_T303,303,100,0.17,27.57,-0.578,-0.184,-0.566,1774.2,8.11 ,2.39 ,4.77 ,5.18 ,1.70 ,5.20 ,48.7,79.18,2.14419,2.11169,1.85,-0.897,-0.576,0.237,0.819,99
R8_12_Cat08_T303,303,100,0.17,27.57,-0.574,-0.171,-0.567,1772.76,8.03 ,1.73 ,5.38 ,3.42 ,1.70 ,6.37 ,48.7,79.18,2.14419,2.11169,1.85,-0.897,-0.576,0.237,0.819,99
R07_02_Cat05_T300,300,100,0.17,27.57,-0.569,-0.142,-0.171,1770.96,10.94 ,1.70 ,4.07 ,3.42 ,1.70 ,4.95 ,40.8,77.14,2.15921,2.15291,1.74,-0.83,-0.553,0.027,0.794,99.2
R05_06_Cat06_T333,333,500,0.17,27.57,-0.574,-0.166,-0.312,1780.07,3.37 ,1.70 ,6.24 ,2.53 ,1.70 ,3.49 ,40.6,75.07,2.14675,2.1771,1.73,-0.872,-0.57,0.037,0.81,99.5
R05_10_Cat07_T313,313,500,0.17,27.57,-0.578,-0.167,-0.346,1770.74,3.36 ,1.70 ,4.93 ,2.38 ,1.70 ,3.75 ,40.1,75.28,2.14546,2.17619,1.73,-0.875,-0.57,0.038,0.799,99.5
R07_08_Cat05_T300,300,100,0.17,27.57,-0.57,-0.142,-0.171,1770.99,5.71 ,1.70 ,3.20 ,3.42 ,1.70 ,4.96 ,40.8,77.14,2.15921,2.15291,1.74,-0.83,-0.553,0.027,0.794,99.5
R05_12_Cat06_T303,303,500,0.17,27.57,-0.594,-0.169,-0.437,1750.64,5.27 ,1.70 ,3.29 ,3.36 ,1.70 ,4.93 ,40.6,75.05,2.14777,2.17693,1.73,-0.872,-0.57,0.037,0.81,99.6
R05_05_Cat06_T333,333,200,0.17,27.57,-0.595,-0.193,-0.306,1765.17,6.84 ,1.70 ,4.04 ,2.52 ,1.70 ,3.50 ,40.6,75.07,2.14675,2.1771,1.73,-0.872,-0.57,0.037,0.81,99.7
R05_04_Cat06_T333,333,500,0.17,27.57,-0.58,-0.167,-0.31,1776.57,3.36 ,1.70 ,4.93 ,2.52 ,1.70 ,3.49 ,40.6,75.07,2.14675,2.1771,1.73,-0.872,-0.57,0.037,0.81,99.8
R05_07_Cat06_T333,333,500,0.17,27.57,-0.609,-0.236,-0.301,1731.87,4.14 ,1.70 ,4.59 ,2.49 ,1.70 ,3.50 ,40.6,75.07,2.14675,2.1771,1.73,-0.872,-0.57,0.037,0.81,99.8
R05_01_Cat06_T333,333,1000,0.17,27.57,-0.582,-0.168,-0.303,1748.39,3.43 ,1.70 ,4.95 ,2.70 ,1.70 ,4.51 ,40.6,75.07,2.14675,2.1771,1.73,-0.872,-0.57,0.037,0.81,99.9
R05_01_Cat07_T333,333,1000,0.17,27.57,-0.582,-0.168,-0.303,1748.39,3.43 ,1.70 ,4.95 ,2.70 ,1.70 ,4.51 ,40.1,75.28,2.14546,2.17619,1.73,-0.875,-0.57,0.038,0.799,99.9
R05_02_Cat06_T333,333,500,0.17,27.57,-0.584,-0.148,-0.302,1745.29,6.15 ,1.70 ,4.66 ,2.70 ,1.70 ,4.51 ,40.6,75.07,2.14675,2.1771,1.73,-0.872,-0.57,0.037,0.81,99.9
R05_03_Cat06_T333,333,500,0.17,27.57,-0.573,-0.15,-0.306,1755.9,4.88 ,1.70 ,4.96 ,2.70 ,1.70 ,4.51 ,40.6,75.07,2.14675,2.1771,1.73,-0.872,-0.57,0.037,0.81,99.9
R05_11_Cat07_T313,313,500,0.17,27.57,-0.579,-0.166,-0.367,1746.95,3.42 ,1.70 ,4.96 ,2.71 ,1.70 ,4.50 ,40.1,75.28,2.14546,2.17619,1.73,-0.875,-0.57,0.038,0.799,99.9
R05_14_Cat06_T333,333,500,0.17,27.57,-0.593,-0.172,-0.422,1758.83,6.45 ,1.70 ,5.10 ,3.36 ,1.70 ,4.93 ,40.6,75.07,2.14675,2.1771,1.73,-0.872,-0.57,0.037,0.81,99.9
R05_15_Cat06_T333,333,500,0.17,27.57,-0.619,-0.165,-0.424,1694.43,6.75 ,2.02 ,4.61 ,3.42 ,1.70 ,4.96 ,40.6,75.07,2.14675,2.1771,1.73,-0.872,-0.57,0.037,0.81,99.9
R05_16_Cat07_T333,333,100,0.17,27.57,-0.618,-0.157,-0.428,1692.56,4.23 ,2.55 ,6.71 ,3.43 ,1.70 ,4.96 ,40.1,75.28,2.14546,2.17619,1.73,-0.875,-0.57,0.038,0.799,99.9
R07_01_Cat05_T300,300,100,0.17,27.57,-0.569,-0.142,-0.171,1771.05,9.47 ,1.70 ,5.81 ,3.42 ,1.70 ,4.95 ,40.8,77.14,2.15921,2.15291,1.74,-0.83,-0.553,0.027,0.794,99.9
R07_03_Cat05_T300,300,100,0.17,27.57,-0.569,-0.142,-0.171,1771.02,11.88 ,1.70 ,4.86 ,3.42 ,1.70 ,4.95 ,40.8,77.14,2.15921,2.15291,1.74,-0.83,-0.553,0.027,0.794,99.9
R22_08_Cat13_T313,313,1000,0.17,27.57,-0.627,-0.128,-0.791,1708.32,6.56 ,1.70 ,5.87 ,2.18 ,1.70 ,2.14 ,42.9,78.77,2.11587,2.15011,1.82,-0.833,-0.745,-0.265,0.706,99.9
